INSERT INTO package_type VALUES
('b01cd3e4-f5a6-4c17-9e1f-3a4b5c6d7e8f', 'Tất cả', 'https://res.cloudinary.com/dzrqvdk6r/image/upload/v1733732921/BookingCare/IconSVG/g4jwwzew8isrbrn291wh.png', '[all]', FALSE),
('c01de4f5-a6b7-4c28-9f1a-3b4c5d6e7f8a', 'Bác sĩ', 'https://res.cloudinary.com/dzrqvdk6r/image/upload/v1733732921/BookingCare/IconSVG/dkxty5qailij0e2l26tu.png', '[doctors]', FALSE),
('d01ef5a6-b7c8-4c39-9a1b-3c4d5e6f7a8b', 'Gói khám', 'https://res.cloudinary.com/dzrqvdk6r/image/upload/v1733732920/BookingCare/IconSVG/hpiwcvu7t20gtdiygfb3.png', '[packages]', FALSE),
('e01fa6b7-c8d9-4c4a-9b1c-3d4e5f6a7b8c', 'Nội soi', 'https://res.cloudinary.com/dzrqvdk6r/image/upload/v1733732920/BookingCare/IconSVG/tqh0mfxsnlpaeyoudlus.png', '[endoscopy]', FALSE),
('f01ab7c8-d9ea-4c5b-9c1d-3e4f5a6b7c8d', 'Phẫu thuật', 'https://res.cloudinary.com/dzrqvdk6r/image/upload/v1733732920/BookingCare/IconSVG/qklokj8etmmytsqy02rx.png', '[operations]', FALSE),
('a02bc8d9-eafb-4c6c-9d1e-3f4a5b6c7d8e', 'Xét nghiệm', 'https://res.cloudinary.com/dzrqvdk6r/image/upload/v1733732921/BookingCare/IconSVG/mr87rq9tjiaqi3hbyccz.png', '[tests]', FALSE),
('b02cd9ea-fbac-4c7d-9e1f-3a4b5c6d7e8f', 'VideoCare', 'https://res.cloudinary.com/dzrqvdk6r/image/upload/v1733732921/BookingCare/IconSVG/qzdpuzomnfdewakzzdv9.png', '[videoCare]', FALSE),
('c02deafb-acbd-4c8e-9f1a-3b4c5d6e7f8a', 'Chụp chiếu', 'https://res.cloudinary.com/dzrqvdk6r/image/upload/v1733732921/BookingCare/IconSVG/zpmx2itiysqeg9ea4q5j.png', '[medicalImageDiagnostic]', FALSE),
('d02efbac-bdce-4c9f-9a1b-3c4d5e6f7a8b', 'Xét nghiệm tại nhà', 'https://res.cloudinary.com/dzrqvdk6r/image/upload/v1733732920/BookingCare/IconSVG/mllw1brmejfgirkpke7c.png', '[testsAtHome]', FALSE),
('e02fa6b7-cedf-4cb0-9c1d-3e4f5a6b7c8d', 'Tổng quát', 'https://res.cloudinary.com/dzrqvdk6r/image/upload/v1733732920/BookingCare/IconSVG/mllw1brmejfgirkpke7c.png', '[general]', FALSE),
('f02ab7c8-dfea-4cc1-9d1e-3f4a5b6c7d8e', 'Khác', 'https://res.cloudinary.com/dzrqvdk6r/image/upload/v1733732920/BookingCare/IconSVG/mllw1brmejfgirkpke7c.png', '[etc]', FALSE);



INSERT INTO health_check_package (id, name, is_managed_by_doctor, managing_doctor_id, image, package_type_id, package_detail_info, short_package_info, slug, status, rejected_reason, submitted_at, approved_at, is_deleted, created_at, updated_at) VALUES
('7b6c7747-43ad-4895-90e6-47d4ccf58feb', 'Nội Soi Dạ Dày Không Đau - Endo Clinic', TRUE, 'da3ab4e1-03de-5e1f-93fe-62ec41262c58', 'https://res.cloudinary.com/dzrqvdk6r/image/upload/v1728993380/BookingCare/Image/Endoscopy/noi-soi-da-day-khong-dau-v2.jpg', 'e01fa6b7-c8d9-4c4a-9b1c-3d4e5f6a7b8c', 'Nội Soi Dạ Dày Không Đau - Endo Clinic\n--------------------------------------\n\n### **Chẩn đoán chính xác bệnh lý dạ dày từ 90 - 95%, với:**\n\n*   Máy nội soi tiên tiến đến từ Fujifilm, Olympus, với độ phóng đại 100 - 135 lần\n*   Màn hình 4K cho hình ảnh nộ', 'Chẩn đoán chính xác bệnh lý dạ dày từ 90 - 95%\"/\"\nMáy nội soi tiên tiến đến từ Fujifilm, Olympus, với độ phóng đại 100 - 135 lần\"/\"\nMàn hình 4K cho hình ảnh nội soi sắc nét, Công nghệ nhuốm ảo (NBI)\"/\"\nQuy trình nội soi SSS chuẩn y khoa\"/\"\nĐặt lịch nội so', 'noi-soi-da-day-khong-dau-endo-clinic-i1', 'APPROVED', NULL, NOW(), NOW(), FALSE, NOW(), NOW()),
('f443337a-f68f-4de0-bf7c-5b243133b29e', 'Nội soi dạ dày/trực tràng/đại tràng - Bệnh viện Bảo Sơn', TRUE, '7f08fa46-6f99-4944-9f30-20868aef49a6', 'https://res.cloudinary.com/dzrqvdk6r/image/upload/v1728993383/BookingCare/Image/Endoscopy/noi-soi.jpg', 'e01fa6b7-c8d9-4c4a-9b1c-3d4e5f6a7b8c', 'Nội soi dạ dày/trực tràng/đại tràng - Bệnh viện Bảo Sơn\n-------------------------------------------------------\n\n### Bệnh viện Đa khoa Bảo Sơn 2 là một trong những bệnh viện tư nhân tiên phong trong việc áp dụng công nghệ nội soi NBI vào thăm khám các bện', 'Thực hiện nội soi bởi Thầy thuốc Ưu tú, Bác sĩ Chuyên khoa II Phan Văn Hạnh - Nguyên Trưởng khoa Nội soi, Bệnh viên K Trung ương\"/\"\nHệ thống thiết bị Nội soi hiện đại, áp dụng công nghệ NBI', 'noi-soi-da-day-truc-trang-dai-trang--benh-vien-bao-son-i2', 'APPROVED', NULL, NOW(), NOW(), FALSE, NOW(), NOW()),
('73a6cb42-9218-40f1-8fa0-53621470c79b', 'Nội soi dạ dày - Phòng khám Vietlife', TRUE, '926f0768-5213-57ef-80f5-b1ffd080b317', 'https://res.cloudinary.com/dzrqvdk6r/image/upload/v1728993379/BookingCare/Image/Endoscopy/noi-soi-da-day-phong-kham-viet-life.jpg', 'e01fa6b7-c8d9-4c4a-9b1c-3d4e5f6a7b8c', '#### Giới thiệu về kỹ thuật Nội soi dạ dày của phòng khám VietLife\n\nBác sĩ thực hiện Nội soi\n------------------------\n\n### BSCK II Lê Tuyết Anh\n\nBác sĩ Bệnh viện Bạch Mai - Chuyên gia về nội soi tiêu hóa: Nội soi thực quản - dạ dày, nội soi đại tràng, khá', 'Bác sỹ chuyên khoa Tiêu hóa thực hiện\"/\"\nHệ thống Nội soi tiêu hóa OLYMPUS 240 ', 'noi-soi-da-day--phong-kham-vietlife-i4', 'APPROVED', NULL, NOW(), NOW(), FALSE, NOW(), NOW()),
('792e128e-91f0-4630-80bc-79b0b29c0ad3', 'Nội soi đại tràng - Phòng khám Vietlife', TRUE, '82b45eda-e97b-4929-b732-198c4d243232', 'https://res.cloudinary.com/dzrqvdk6r/image/upload/v1728993385/BookingCare/Image/Endoscopy/logo-vietlifemri.jpg', 'e01fa6b7-c8d9-4c4a-9b1c-3d4e5f6a7b8c', 'Giới thiệu về kỹ thuật Nội soi đại tràng tại phòng khám VietLife\n----------------------------------------------------------------\n\n### Bác sĩ thực hiện Nội soi\n\n#### BSCK II Lê Tuyết Anh\n\n*   Bác sĩ Bệnh viện Bạch Mai\n*   Chuyên gia về nội soi tiêu hóa: N', 'Bác sĩ chuyên khoa Nội soi tiêu hóa thực hiện\"/\"\nTrên Hệ thống thiết bị hiện đại Hãng OLYMPUS - Nhật Bản.', 'noi-soi-dai-trang--phong-kham-vietlife-i5', 'APPROVED', NULL, NOW(), NOW(), FALSE, NOW(), NOW()),
('2bdf2a5d-ac15-4a8e-84a0-4fc2ad9f34a9', 'Nội soi dạ dày/trực tràng/đại tràng - Bệnh viện Quốc tế City', TRUE, '6ed68d72-fec0-5411-87a2-8342ef56e7c5', 'https://res.cloudinary.com/dzrqvdk6r/image/upload/v1728993382/BookingCare/Image/Endoscopy/161101-anh-dai-dien-goi-noi-soi-city.png', 'e01fa6b7-c8d9-4c4a-9b1c-3d4e5f6a7b8c', 'Nội soi dạ dày/trực tràng/đại tràng - Bệnh viện Quốc tế City\n------------------------------------------------------------\n\n### Giới thiệu về kỹ thuật Nội soi dạ dày/đại tràng\n\nBác sĩ chuyên khoa tiêu hóa thực hiện thăm khám & tiến hành Nội soi và điều trị', 'Hệ thống nội soi Olympus hiện đại của Nhật Bản\"/\"\nKỹ thuật nội soi NBI dải tầng ánh sáng hẹp phát hiện sớm ung thư, có kế hoạch điều trị hiệu quả\"/\"\nNội soi không đau, dễ chịu, ra về trong ngày', 'noi-soi-da-daytruc-trangdai-trang--benh-vien-quoc-te-city-i6', 'APPROVED', NULL, NOW(), NOW(), FALSE, NOW(), NOW()),
('d4c090ab-aa00-4d34-8edc-2218b919fd29', 'Nội soi dạ dày/trực tràng/đại tràng - Hệ thống Y tế Thu Cúc TCI', TRUE, '94c6d833-db4f-47c4-b2e9-07dc14e29097', 'https://res.cloudinary.com/dzrqvdk6r/image/upload/v1728993382/BookingCare/Image/Endoscopy/noi-soi-thu-cuc.jpg', 'e01fa6b7-c8d9-4c4a-9b1c-3d4e5f6a7b8c', '### Giới thiệu về kỹ thuật Nội soi dạ dày/trực tràng/đại tràng\n\n**Nội soi đường tiêu hóa cao cấp MCU** là sự kết hợp của phương pháp nội soi phóng đại nhuộm màu (MCE) và siêu âm nội soi (EUS). Sự kết hợp này mang đến những ưu việt trong chẩn đoán và điều ', 'Hệ thống nội soi Olympus hiện đại của Nhật Bản\"/\"\nNội soi tiêu hóa công nghệ cao cấp MCU cho phép phóng đại hàng trăm lần khi soi giúp hạn chế bỏ sót tổn thương\"/\"\nKỹ thuật nội soi NBI dải tầng ánh sáng hẹp phát hiện sớm ung thư, có kế hoạch điều trị hiệu', 'noi-soi-da-daytruc-trangdai-trang--he-thong-y-te-thu-cuc-tci-i7', 'APPROVED', NULL, NOW(), NOW(), FALSE, NOW(), NOW()),
('ecc3723e-cdc2-44a3-9772-12d6556f44dd', 'Nội soi dạ dày/trực tràng/đại tràng - Tổ hợp y tế MEDIPLUS', TRUE, '9b443a3b-00fb-550d-ad3b-fc953ccd51c6', 'https://res.cloudinary.com/dzrqvdk6r/image/upload/v1728993380/BookingCare/Image/Endoscopy/anh-bia-noi-soi.jpg', 'e01fa6b7-c8d9-4c4a-9b1c-3d4e5f6a7b8c', 'Giới thiệu về kỹ thuật Nội soi dạ dày/trực tràng/đại tràng\n----------------------------------------------------------\n\n**Hệ thống nội soi BL 7000** là một trong những thành lựu lớn trong kỹ thuật nội soi trên thế giới và là loại dây nội soi cao cấp nhất h', 'Hệ thống nội soi BL 7000 hiện đại của Nhật Bản\"/\"\nCông nghệ nhuộm màu, phóng đại gấp 390 lần giúp phát hiện sớm các bệnh lý và phát hiện ung thư sớm chính xác\"/\"\nSau khi nội soi có cháo + sinh tố miễn phí', 'noi-soi-da-daytruc-trangdai-trang--to-hop-y-te-mediplus-i8', 'APPROVED', NULL, NOW(), NOW(), FALSE, NOW(), NOW()),
('7f8312e9-67a6-4470-a1a7-d4cc597a9626', 'Gói nội soi đại tràng - Bệnh viện Đa khoa Chữ Thập Xanh (CTX90)', TRUE, '44cfc875-9e9a-57b8-9630-0d97cd247e15', 'https://res.cloudinary.com/dzrqvdk6r/image/upload/v1728993380/BookingCare/Image/Endoscopy/logo-ctx.png', 'e01fa6b7-c8d9-4c4a-9b1c-3d4e5f6a7b8c', 'Gói nội soi đại tràng (CTX90)\n-----------------------------\n\n*   Gói nội soi đại tràng thường quy không gây mê: 835.000 VNĐ\n*   Gói nội soi đại tràng thường quy có gây mê: 2.178.000 VNĐ\n*   Gói nội soi đại tràng NBI 5K không gây mê: 1.395.000 VNĐ\n*   Gói ', 'Phương pháp nội soi: Nội soi đại tràng thường quy hoặc nội soi đại tràng NBI 5K\"/\"\nBệnh nhân được trực tiếp bác sĩ chuyên khoa tiêu hóa giàu kinh nghiệm thăm khám và nội soi\"/\"\nGói nội soi tại Bệnh viện Đa khoa Chữ Thập Xanh', 'goi-noi-soi-dai-trang--benh-vien-da-khoa-chu-thap-xanh-ctx90-i9', 'APPROVED', NULL, NOW(), NOW(), FALSE, NOW(), NOW()),
('83872d60-9134-4b2a-8881-a97eb38ed70f', 'Gói nội soi dạ dày - Bệnh viện Đa khoa Chữ Thập Xanh (CTX90)', TRUE, 'f675899b-3151-5f35-98d5-8fb1220c3430', 'https://res.cloudinary.com/dzrqvdk6r/image/upload/v1728993380/BookingCare/Image/Endoscopy/logo-ctx.png', 'e01fa6b7-c8d9-4c4a-9b1c-3d4e5f6a7b8c', 'Gói nội soi dạ dày (CTX90)\n--------------------------\n\n*   Gói nội soi dạ dày thường quy không gây mê: 597.000 VNĐ\n*   Gói nội soi dạ dày thường quy có gây mê: 1.863.000 VNĐ\n*   Gói nội soi dạ dày NBI 5K không gây mê: 1.037.000 VNĐ\n*   Gói nội soi dạ dày ', 'Phương pháp nội soi: Nội soi đại tràng thường quy hoặc nội soi đại tràng NBI 5K\"/\"\nBệnh nhân được trực tiếp bác sĩ chuyên khoa tiêu hóa giàu kinh nghiệm thăm khám và nội soi\"/\"\nGói nội soi tại Bệnh viện Đa khoa Chữ Thập Xanh', 'goi-noi-soi-da-day--benh-vien-da-khoa-chu-thap-xanh-ctx90-i10', 'APPROVED', NULL, NOW(), NOW(), FALSE, NOW(), NOW()),
('850152b0-5317-4083-bc8e-d511b992cf45', 'Gói nội soi dạ dày và đại trực tràng - Bệnh viện Đa khoa Chữ Thập Xanh (CTX90)', TRUE, 'da3ab4e1-03de-5e1f-93fe-62ec41262c58', 'https://res.cloudinary.com/dzrqvdk6r/image/upload/v1728993380/BookingCare/Image/Endoscopy/logo-ctx.png', 'e01fa6b7-c8d9-4c4a-9b1c-3d4e5f6a7b8c', 'Gói nội soi dạ dày và đại trực tràng - Bệnh viện Đa khoa Chữ Thập Xanh (CTX90)\n------------------------------------------------------------------------------\n\n*   Gói nội soi dạ dày + đại trực tràng thường quy không gây mê: 1.247.000 VNĐ\n*   Gói nội soi d', 'Phương pháp nội soi: Nội soi đại tràng thường quy hoặc nội soi đại tràng NBI 5K\"/\"\nBệnh nhân được trực tiếp bác sĩ chuyên khoa tiêu hóa giàu kinh nghiệm thăm khám và nội soi\"/\"\nGói nội soi tại Bệnh viện Đa khoa Chữ Thập Xanh', 'goi-noi-soi-da-day-va-dai-truc-trang--benh-vien-da-khoa-chu-thap-xanh-ctx90-i11', 'APPROVED', NULL, NOW(), NOW(), FALSE, NOW(), NOW()),
('6a84fb7a-7209-4878-b495-9ba373b0d604', 'Nội soi dạ dày/trực tràng/đại tràng - Bệnh viện Đa khoa Đông Đô', TRUE, '7f08fa46-6f99-4944-9f30-20868aef49a6', 'https://res.cloudinary.com/dzrqvdk6r/image/upload/v1728993379/BookingCare/Image/Endoscopy/logo-dong-do.jpg', 'e01fa6b7-c8d9-4c4a-9b1c-3d4e5f6a7b8c', 'Nội soi dạ dày/trực tràng/đại tràng - Bệnh viện Đa khoa Đông Đô\n---------------------------------------------------------------\n\n*   Gói nội soi Dạ dày gây mê (Có test HP): 1.960.000đ\n*   Gói Nội soi Đại tràng gây mê: 2.430.000đ\n*   Gói Nội soi Dạ dày và ', 'Bệnh nhân được trực tiếp bác sĩ chuyên khoa tiêu hóa giàu kinh nghiệm thăm khám và nội soi\"/\"\nGói Nội soi tại Bệnh viện Đa khoa Đông Đô', 'noi-soi-da-daytruc-trangdai-trang--benh-vien-da-khoa-dong-do-i12', 'APPROVED', NULL, NOW(), NOW(), FALSE, NOW(), NOW()),
('43aac31b-05d9-4cfc-ad7a-71edf9a8f7b1', 'Nội Soi Đại Trực Tràng Không Đau - Endo Clinic', TRUE, 'dc49d92f-03a2-51ee-9bb2-d5aab27a6095', 'https://res.cloudinary.com/dzrqvdk6r/image/upload/v1728993382/BookingCare/Image/Endoscopy/noi-soi-dai-trang-khong-dau-v2.jpg', 'e01fa6b7-c8d9-4c4a-9b1c-3d4e5f6a7b8c', 'Nội Soi Đại Trực Tràng Không Đau - Endo Clinic\n----------------------------------------------\n\n### Chẩn đoán chính xác bệnh lý đại trực tràng từ 90 - 95% với: \n\n*   Máy nội soi tiên tiến đến từ Fujifilm, Olympus, với độ phóng đại 100 - 135 lần\n*   Trí tuệ', 'Chẩn đoán chính xác bệnh lý đại trực tràng từ 90 - 95%\"/\"\nMáy nội soi tiên tiến đến từ Fujifilm, Olympus, với độ phóng đại 100 - 135 lần, Trí tuệ nhân tạo (AI)\"/\"\nMàn hình 4K cho hình ảnh nội soi sắc nét, Công nghệ nhuộm ảo (NBI)\"/\"\nQuy trình rút dây soi ', 'noi-soi-dai-truc-trang-khong-dau--endo-clinic-i13', 'APPROVED', NULL, NOW(), NOW(), FALSE, NOW(), NOW()),
('0ebc6126-7564-44c9-8f72-54532f3dc0c4', 'Nội Soi Cặp Dạ Dày Và Đại Trực Tràng Không Đau - Endo Clinic', TRUE, '036403d3-c8a3-5a0d-b1d2-8c64825f2d47', 'https://res.cloudinary.com/dzrqvdk6r/image/upload/v1728993380/BookingCare/Image/Endoscopy/noi-soi-cap-khong-dau-v2.jpg', 'e01fa6b7-c8d9-4c4a-9b1c-3d4e5f6a7b8c', 'Nội Soi Cặp Dạ Dày Và Đại Trực Tràng Không Đau - Endo Clinic\n------------------------------------------------------------\n\nGói nội soi bao gồm nội soi: Nội Soi Cặp Thực Quản - Dạ Dày - Tá Tràng Không Đau Và Nội Soi Đại Tràng Không Đau (Có Kèm CLOtest)\n\n##', 'Chẩn đoán chính xác bệnh lý đại trực tràng từ 90 - 95%\"/\"\nMáy nội soi tiên tiến đến từ Fujifilm, Olympus, với độ phóng đại 100 - 135 lần, Trí tuệ nhân tạo (AI)\"/\"\nMàn hình 4K cho hình ảnh nội soi sắc nét, Công nghệ nhuộm ảo (NBI)\"/\"\nQuy trình rút dây soi ', 'noi-soi-cap-da-day-va-dai-truc-trang-khong-dau--endo-clinic-i14', 'APPROVED', NULL, NOW(), NOW(), FALSE, NOW(), NOW()),
('efea1fd2-39ea-4d35-b2ae-e49e3887eaf2', 'Nội Soi Dạ Dày Thường - Endo Clinic', TRUE, 'f75dd689-2f91-548f-bbdf-269007aaacd5', 'https://res.cloudinary.com/dzrqvdk6r/image/upload/v1728993382/BookingCare/Image/Endoscopy/noi-soi-da-day-thuong-v2.jpg', 'e01fa6b7-c8d9-4c4a-9b1c-3d4e5f6a7b8c', 'Nội Soi Dạ Dày Thường - Endo Clinic\n-----------------------------------\n\n*   Nội sao bao gồm: Nội Soi Thực Quản - Dạ Dày - Tá Tràng Thường (Có Kèm CLOtest)\n*   Phương pháp này có thể gây ra một số cảm giác khó chịu, buồn nôn trong quá trình thực hiện. Bác', 'Phương pháp này có thể gây ra một số cảm giác khó chịu, buồn nôn trong quá trình thực hiện. Bác sĩ sẽ gặp khó khăn trong việc quan sát các tổn thương.\"/\"\nHiệu quả chẩn đoán chính xác bệnh lý dạ dày với phương pháp này chỉ từ 50 - 70%.\"/\"\nĐặt lịch nội soi ', 'noi-soi-da-day-thuong--endo-clinic-i15', 'APPROVED', NULL, NOW(), NOW(), FALSE, NOW(), NOW()),
('46840b5b-7972-47ef-bd29-e54a857277e0', 'Nội Soi Đại Trực Tràng Thường - Endo Clinic', TRUE, '08c1c55b-7331-4400-8393-a74c4c63da6e', 'https://res.cloudinary.com/dzrqvdk6r/image/upload/v1728993381/BookingCare/Image/Endoscopy/noi-soi-dai-trang-thuong-v2.jpg', 'e01fa6b7-c8d9-4c4a-9b1c-3d4e5f6a7b8c', 'Nội Soi Đại Trực Tràng Thường - Endo Clinic\n-------------------------------------------\n\n*   Phương pháp này có thể gây ra một số cảm giác khó chịu, chướng bụng trong quá trình thực hiện. Bác sĩ sẽ gặp khó khăn trong việc quan sát các tổn thương.\n*   Hiệu', 'Phương pháp này có thể gây ra một số cảm giác khó chịu, chướng bụng trong quá trình thực hiện. Bác sĩ sẽ gặp khó khăn trong việc quan sát các tổn thương.\"/\"\nHiệu quả chẩn đoán chính xác bệnh lý đại tràng với phương pháp này chỉ từ 50 - 70%.\"/\"\nĐặt lịch nộ', 'noi-soi-dai-truc-trang-thuong--endo-clinic-i16', 'APPROVED', NULL, NOW(), NOW(), FALSE, NOW(), NOW()),
('94d16221-68fb-40dc-a0ce-9355b5cf64d7', 'Nội Soi Cặp Dạ Dày Và Đại Trực Tràng Thường - Endo Clinic', TRUE, '33eb3d8f-20fd-50af-bde6-7e8e5c0bdec0', 'https://res.cloudinary.com/dzrqvdk6r/image/upload/v1728993381/BookingCare/Image/Endoscopy/noi-soi-cap-thuong-v2-1.jpg', 'e01fa6b7-c8d9-4c4a-9b1c-3d4e5f6a7b8c', 'Nội Soi Cặp Dạ Dày Và Đại Trực Tràng Thường - Endo Clinic\n---------------------------------------------------------\n\n*   Gói nội soi bao gồm: Nội Soi Cặp Thực Quản - Dạ Dày - Tá Tràng Thường Và Nội Soi Đại Tràng Thường (Có Kèm CLOtest)\n*   Phương pháp này', 'Phương pháp này có thể gây ra một số cảm giác khó chịu, buồn nôn hay chướng bụng trong quá trình thực hiện. Bác sĩ sẽ gặp khó khăn trong việc quan sát các tổn thương.\"/\"\nHiệu quả chẩn đoán chính xác bệnh lý tiêu hoá với phương pháp này chỉ từ 50 - 70%.\"/\"', 'noi-soi-cap-da-day-va-dai-truc-trang-thuong--endo-clinic-i17', 'APPROVED', NULL, NOW(), NOW(), FALSE, NOW(), NOW()),
('327736f3-f95a-46df-8c2e-d97682b1347f', 'CHỤP CỘNG HƯỞNG TỪ 1.5 Tesla Tim + Dot (VFC)', TRUE, '17040673-638c-4949-8ab1-bf514280a180', 'https://res.cloudinary.com/dzrqvdk6r/image/upload/v1728994298/BookingCare/Image/Medical-Imaging-Diagnostic/may-cong-huong-tu-vietfile.png', 'c02deafb-acbd-4c8e-9f1a-3b4c5d6e7f8a', 'Hệ thống Cộng hưởng từ MRI\n--------------------------\n\n### Thiết bị chụp cộng hưởng từ  ESSENZA 1.5 Tesla Tim + Dot\n\n### Hãng Siemens - Đức\n\nHệ thống Cộng hưởng từ ứng dụng công nghệ xử lý hình ảnh mới nhất của Hãng Siemens, Hệ thống chụp Cộng hưởng từ ES', 'Máy Cộng hưởng từ ESSENZA 1.5 Tesla Tim + Dot\"/\"\nPHÒNG KHÁM ĐA KHOA VIETLIFE', 'chup-cong-huong-tu-15-tesla-tim-dot-vfc-i18', 'APPROVED', NULL, NOW(), NOW(), FALSE, NOW(), NOW()),
('2933a7d6-dcaa-48dd-bb35-e5e7969eb074', 'Chụp PET/CT (VĐ)', TRUE, 'dc49d92f-03a2-51ee-9bb2-d5aab27a6095', 'https://res.cloudinary.com/dzrqvdk6r/image/upload/v1728994299/BookingCare/Image/Medical-Imaging-Diagnostic/pet-ct1.jpg', 'c02deafb-acbd-4c8e-9f1a-3b4c5d6e7f8a', '**Giới thiệu về kỹ thuật Chụp PET/CT**\n--------------------------------------\n\n**PET/CT là gì**\n----------------\n\n**PET** (Positron Emission Tomography – ghi hình cắt lớp positron) cung cấp thông tin về chức năng của các cơ quan trong cơ thể\n\n**CT** (Comp', 'Công nghệ cao cấp phát hiện ung thư sớm\"/\"\nĐánh giá tình trạng một số bệnh lý Tim mạch & Thần kinh', 'chup-pet-ct-vd-i19', 'APPROVED', NULL, NOW(), NOW(), FALSE, NOW(), NOW()),
('a61beff7-ebb7-4204-b468-a4393310ad4e', 'CHỤP CỘNG HƯỞNG TỪ 1.5 TESLA (BSH)', TRUE, '216fea8b-7310-52a9-9eb9-fec0ed0bba33', 'https://res.cloudinary.com/dzrqvdk6r/image/upload/v1728994298/BookingCare/Image/Medical-Imaging-Diagnostic/mri-bsh.jpg', 'c02deafb-acbd-4c8e-9f1a-3b4c5d6e7f8a', 'Chụp cộng hưởng từ\n------------------\n\n*   Hệ thống Chụp cộng hưởng từ 1.5 Tesla\n*   Hãng GE HealthCare - Mỹ\n\nPhụ trách chuyên môn\n--------------------\n\n### Bác sĩ Chuyên khoa II Vũ Khắc Hoàng\n\n*   Trưởng khoa Chẩn đoán hình ảnh – Bệnh viện Đa khoa Bảo Sơ', 'Bệnh viện Đa khoa Bảo Sơn 2 - Số 52 Nguyễn Chí Thanh, Đống Đa, Hà Nội', 'chup-cong-huong-tu-15-tesla-bsh-i20', 'APPROVED', NULL, NOW(), NOW(), FALSE, NOW(), NOW()),
('60939b3d-b1ef-4e4f-afbd-ade0d0070770', 'Chụp Cộng hưởng từ 1.5 Tesla (MeT)', TRUE, '036403d3-c8a3-5a0d-b1d2-8c64825f2d47', 'https://res.cloudinary.com/dzrqvdk6r/image/upload/v1728994298/BookingCare/Image/Medical-Imaging-Diagnostic/mri-med.jpg', 'c02deafb-acbd-4c8e-9f1a-3b4c5d6e7f8a', 'Hệ thống Cộng hưởng từ MRI 1.5 Tesla\n------------------------------------\n\n### Thiết bị chụp cộng hưởng từ  1.5 Tesla\n\n### Model: Magnetom Amira \n\n### Hãng Siemens - Đức\n\nHệ thống Cộng hưởng từ ứng dụng công nghệ xử lý hình ảnh mới nhất của Hãng Siemens -', 'Hệ thống chụp Cộng hưởng từ MRI 1.5Tesla hiện đại, cao cấp của Hãng Siemens - Đức', 'chup-cong-huong-tu-15-tesla-met-i21', 'APPROVED', NULL, NOW(), NOW(), FALSE, NOW(), NOW()),
('b3708af9-167b-455e-93b5-f5d4b586bf50', 'Chụp PET/CT (UB)', TRUE, 'df4ebe12-3a5d-511a-a9c5-f83429c90770', 'https://res.cloudinary.com/dzrqvdk6r/image/upload/v1728994299/BookingCare/Image/Medical-Imaging-Diagnostic/chup-pet-ct-ub.jpg', 'c02deafb-acbd-4c8e-9f1a-3b4c5d6e7f8a', '**Giới thiệu về kỹ thuật Chụp PET/CT**\n--------------------------------------\n\n**PET/CT là gì**\n----------------\n\n**PET** (Positron Emission Tomography – ghi hình cắt lớp positron) cung cấp thông tin về chức năng của các cơ quan trong cơ thể.\n\n**CT** (Com', 'Hỗ trợ chẩn đoán và theo dõi tình trạng ung thư\"/\"\nQuy trình rõ ràng, nhân viên hỗ trợ chu đáo', 'chup-petct-ub-i22', 'APPROVED', NULL, NOW(), NOW(), FALSE, NOW(), NOW()),
('1480deaa-7d7f-491c-88e7-26859283242a', 'Chụp Cộng hưởng từ 1.5 Tesla (NSG)', TRUE, 'a2b4fc20-8ed6-5c5c-baff-49cda879c89b', 'https://res.cloudinary.com/dzrqvdk6r/image/upload/v1728994298/BookingCare/Image/Medical-Imaging-Diagnostic/mri-med.jpg', 'c02deafb-acbd-4c8e-9f1a-3b4c5d6e7f8a', 'Hệ thống Cộng hưởng từ MRI 1.5 Tesla\n------------------------------------\n\n**Thiết bị chụp cộng hưởng từ  1.5 Tesla**\n\n**Model: Magnetom Amira** \n\n**Hãng sản xuất: Siemens - Đức**\n\nHệ thống Cộng hưởng từ ứng dụng công nghệ xử lý hình ảnh mới nhất của Hãng', 'Máy Chụp cộng hưởng từ  MRI Magnetom Amira  1,5 Tesla hiện đại\"/\"\nBệnh viện Đa khoa Nam Sài Gòn', 'chup-cong-huong-tu-15-tesla-nsg-i23', 'APPROVED', NULL, NOW(), NOW(), FALSE, NOW(), NOW()),
('9d506910-a3f9-460b-949f-28073ff865b5', 'CHỤP CỘNG HƯỞNG TỪ 1.5 Tesla (BN)', TRUE, '036403d3-c8a3-5a0d-b1d2-8c64825f2d47', 'https://res.cloudinary.com/dzrqvdk6r/image/upload/v1728994298/BookingCare/Image/Medical-Imaging-Diagnostic/may-mri-bn.jpg', 'c02deafb-acbd-4c8e-9f1a-3b4c5d6e7f8a', 'Hệ thống Cộng hưởng từ MRI 1.5 Tesla\n------------------------------------\n\n### Thiết bị chụp cộng hưởng từ SIGNA Creator phiên bản đầy đủ (full option), thế hệ mới nhất sau 2020\n\n### Hãng GE HEALTHCARE ( MỸ)\n\nHệ thống chụp cộng hưởng từ 1.5 Tesla SIGNA Cr', 'Hệ thống Cộng hưởng từ MRI 1.5 Tesla\"/\"\nTrung tâm Y khoa Chuyên sâu Quốc tế Bernard', 'chup-cong-huong-tu-15-tesla-bn-i24', 'APPROVED', NULL, NOW(), NOW(), FALSE, NOW(), NOW()),
('ae1310cb-7804-4f24-ab6f-c5d429658a7a', 'CHỤP CỘNG HƯỞNG TỪ 1.5 Tesla (EC)', TRUE, '4b7994a0-ed05-4ff5-8cbc-f3de33024cee', 'https://res.cloudinary.com/dzrqvdk6r/image/upload/v1728994299/BookingCare/Image/Medical-Imaging-Diagnostic/anh-mri-ben-eco.jpg', 'c02deafb-acbd-4c8e-9f1a-3b4c5d6e7f8a', 'Hệ thống Cộng hưởng từ MRI 1.5 Tesla\n------------------------------------\n\n### Thiết bị chụp Cộng hưởng từ Magnetom Sempra 1.5 T do Hãng Siemens Healthineers của Đức sản xuất\n\n*   Được ca ngợi là “giải pháp chẩn đoán hình ảnh” với những tính năng vượt trộ', 'Hệ thống Cộng hưởng từ MRI 1.5 Tesla\"/\"\nMáy do Hãng Siemens Healthineers của Đức sản xuất\"/\"\nTrung tâm Y khoa Ecohealth', 'chup-cong-huong-tu-15-tesla-ec-i25', 'APPROVED', NULL, NOW(), NOW(), FALSE, NOW(), NOW()),
('181a5ce1-82f8-47c8-96db-ee36ba6ec2d5', 'CHỤP CỘNG HƯỞNG TỪ 1.5 Tesla (MDP)', TRUE, '2f04ab0c-2a8d-595a-adc6-3d7053d28489', 'https://res.cloudinary.com/dzrqvdk6r/image/upload/v1728994299/BookingCare/Image/Medical-Imaging-Diagnostic/mri-mediplus.jpg', 'c02deafb-acbd-4c8e-9f1a-3b4c5d6e7f8a', 'Hệ thống Cộng hưởng từ MRI 1.5 Tesla\n------------------------------------\n\n### Tổ hợp y tế MediPlus trang bị hệ thống chụp cộng hưởng từ 1.5 Tesla với công nghệ không tiếng ồn, model Signa Explorer, hãng GE hàng đầu của Mỹ\n\nSIGNA Explorer được tạo ra từ c', 'Hệ thống chụp Cộng hưởng từ MRI 1.5 Tesla\"/\"\nModel máy Signa Explorer, do Hãng GE hàng đầu của Mỹ sản xuất\"/\"\nChụp tại Phòng khám Đa khoa Mediplus', 'chup-cong-huong-tu-15-tesla-mdp-i26', 'APPROVED', NULL, NOW(), NOW(), FALSE, NOW(), NOW()),
('2c4009e1-5ca7-4f6d-9153-8ea9dd01ba58', 'CHỤP CẮT LỚP VI TÍNH 128 LÁT CẮT/ VÒNG QUAY (MDP)', TRUE, '6ed68d72-fec0-5411-87a2-8342ef56e7c5', 'https://res.cloudinary.com/dzrqvdk6r/image/upload/v1728994297/BookingCare/Image/Medical-Imaging-Diagnostic/ct-mediplus.jpg', 'c02deafb-acbd-4c8e-9f1a-3b4c5d6e7f8a', 'CHỤP CẮT LỚP VI TÍNH 128 LÁT CẮT/ VÒNG QUAY\n-------------------------------------------\n\nChụp cắt lớp vi tính hay còn gọi là chụp CT, là kỹ thuật được ứng dụng rộng rãi trên lâm sàng nhằm phát hiện các bệnh lý từ phần đầu, sọ não, mặt, cổ, ngực, tim, vùng', 'Máy chụp CT 128 lát cắt/vòng quay mang thương hiệu REVOLUTION EVO hàng đầu của GE, Mỹ.\"/\"\nChụp CT tại Phòng khám Đa khoa Mediplus.', 'chup-cat-lop-vi-tinh-128-lat-cat-vong-quay-mdp-i27', 'APPROVED', NULL, NOW(), NOW(), FALSE, NOW(), NOW()),
('fc85f131-153a-42bd-a7ef-1b8dea96e5a2', 'CHỤP NHŨ ẢNH KỸ THUẬT SỐ (MDP)', TRUE, 'abf8e9ba-ae3a-5de0-8c01-2a99d7f671b3', 'https://res.cloudinary.com/dzrqvdk6r/image/upload/v1728994299/BookingCare/Image/Medical-Imaging-Diagnostic/chup-mamo-vu-1.jpg', 'c02deafb-acbd-4c8e-9f1a-3b4c5d6e7f8a', 'CHỤP NHŨ ẢNH KỸ THUẬT SỐ (MDP)\n------------------------------\n\n### Chụp nhũ ảnh là gì?\n\n*   Chụp nhũ ảnh (hay chụp mammography) là một kỹ thuật y khoa, trong đó sử dụng tia X-quang để sàng lọc ung thư vú và các vấn đề khác. Hình ảnh thu được sau khi thực ', 'Hệ thống chụp nhũ ảnh kỹ thuật số hàng đầu của hãng GE Healthcare - Mỹ\"/\"\nChụp nhũ ảnh tại Phòng khám Đa khoa Mediplus', 'chup-nhu-anh-ky-thuat-so-mdp-i28', 'APPROVED', NULL, NOW(), NOW(), FALSE, NOW(), NOW()),
('649402dc-6898-49ac-9069-c7450d2411dc', 'CHỤP CỘNG HƯỞNG TỪ 1.5 Tesla (TCI)', TRUE, 'a2b4fc20-8ed6-5c5c-baff-49cda879c89b', 'https://res.cloudinary.com/dzrqvdk6r/image/upload/v1728994297/BookingCare/Image/Medical-Imaging-Diagnostic/thu-cuc-2.jpg', 'c02deafb-acbd-4c8e-9f1a-3b4c5d6e7f8a', 'Hệ thống Cộng hưởng từ MRI 1.5 Tesla\n------------------------------------\n\n**Máy do Hãng Siemens Healthineers sản xuất**  \nMáy chụp cộng hưởng từ 1.5 tesla hay máy chụp MRI 1.5 tesla là thế hệ máy chụp cộng hưởng từ được sử dụng phổ biến nhất trong các kh', 'Hệ thống Cộng hưởng từ MRI 1.5 Tesla\"/\"\nMáy do Hãng Siemens Healthineers sản xuất\"/\"\nChụp MRI tại Hệ thống Y tế Thu Cúc TCI', 'chup-cong-huong-tu-15-tesla-tci-i29', 'APPROVED', NULL, NOW(), NOW(), FALSE, NOW(), NOW()),
('910c57cc-e96c-4659-885f-ac1fe4afbfb6', 'CHỤP CẮT LỚP VI TÍNH ĐA DÃY (TCI)', TRUE, '0d2f9c81-5dc7-5294-8a21-70ad903451c9', 'https://res.cloudinary.com/dzrqvdk6r/image/upload/v1728994298/BookingCare/Image/Medical-Imaging-Diagnostic/thu-cuc-1.jpg', 'c02deafb-acbd-4c8e-9f1a-3b4c5d6e7f8a', 'CHỤP CẮT LỚP VI TÍNH ĐA DÃY (TCI)\n---------------------------------\n\nChụp cắt lớp vi tính (chụp CT) là phương pháp chẩn đoán hình ảnh hiện đại sử dụng nhiều tia X quét qua một vị trí hoặc một vùng trên cơ thể theo lát cắt ngang. Sau đó kết quả được xử lý ', 'Hệ thống máy chụp cắt lớp vi tính của hãng Siemens Healthineers sản xuất\"/\"\nChụp CT tại Hệ thống Y tế Thu Cúc TCI', 'chup-cat-lop-vi-tinh-da-day-tci-i30', 'APPROVED', NULL, NOW(), NOW(), FALSE, NOW(), NOW()),
('241ec728-17d4-4949-9197-4c55e84321d6', 'CHỤP CỘNG HƯỞNG TỪ 1.5 Tesla (16A)', TRUE, '0d2f9c81-5dc7-5294-8a21-70ad903451c9', 'https://res.cloudinary.com/dzrqvdk6r/image/upload/v1728994297/BookingCare/Image/Medical-Imaging-Diagnostic/mri-16a.jpg', 'c02deafb-acbd-4c8e-9f1a-3b4c5d6e7f8a', 'Hệ thống Cộng hưởng từ MRI 1.5 Tesla\n------------------------------------\n\n**Máy do Hãng Hitachi (Nhật Bản) sản xuất**  \nMáy chụp cộng hưởng từ 1.5 tesla hay máy chụp MRI 1.5 tesla là thế hệ máy chụp cộng hưởng từ được sử dụng phổ biến nhất trong các khảo', 'Hệ thống Cộng hưởng từ MRI 1.5 Tesla\"/\"\nMáy do Hãng Hitachi (Nhật Bản) sản xuất\"/\"\nChụp MRI tại Bệnh viện Đa khoa 16A Hà Đông', 'chup-cong-huong-tu-15-tesla-16a-i31', 'APPROVED', NULL, NOW(), NOW(), FALSE, NOW(), NOW()),
('38d2ab01-3a22-4162-8505-f83b96d859d4', 'CHỤP CỘNG HƯỞNG TỪ 1.5 Tesla (VHC)', TRUE, 'b5ec8eff-bf95-5def-8907-00ee4c4eb42e', 'https://res.cloudinary.com/dzrqvdk6r/image/upload/v1728994299/BookingCare/Image/Medical-Imaging-Diagnostic/mri-vhc1.jpg', 'c02deafb-acbd-4c8e-9f1a-3b4c5d6e7f8a', 'CHỤP CỘNG HƯỞNG TỪ 1.5 Tesla (VHC)\n----------------------------------\n\nVAI TRÒ CỦA MRI TRONG CHẨN ĐOÁN VÀ ĐIỀU TRỊ BỆNH\n\nChụp cộng hưởng từ (MRI) là phương pháp chẩn đoán hình ảnh cận lâm sàng hiện đại, cung cấp hình ảnh rõ ràng và sắc nét, giải phẫu tốt ', 'Hệ thống Cộng hưởng từ MRI 1.5 Tesla\"/\"\nChụp MRI tại Phòng khám ViethealCare ', 'chup-cong-huong-tu-15-tesla-vhc-i32', 'APPROVED', NULL, NOW(), NOW(), FALSE, NOW(), NOW()),
('6bb14a65-8306-4599-a08a-5ece178def31', 'PGs.Ts.Bs. Lê Mạnh Cường -- Phẫu thuật cắt trĩ', FALSE, 'd03e948a-081d-566b-a824-10ab2be0d989', 'https://res.cloudinary.com/dzrqvdk6r/image/upload/v1729059415/BookingCare/Image/Doctor/bs-le-manh-cuong.jpg', 'f01ab7c8-d9ea-4c5b-9c1d-3e4f5a6b7c8d', 'PGs.Ts.Bs. Lê Mạnh Cường - Phẫu thuật cắt trĩ\n---------------------------------------------\n\n*   25 năm kinh nghiệm trong chẩn đoán và điều trị các bệnh lý vùng hậu môn trực tràng\n*   Hiện là Giám đốc Bệnh viện Tuệ Tĩnh\n*   Chủ tịch Hội Hậu môn trực tràng học Việt Nam\n*   Từng đào tạo và tu nghiệp tại các nước có nền y học phát triển: Ý, Mỹ , Đức, Pháp, Trung Quốc, Nhật\n\n### **Phương pháp phẫu thuật**\n\nHiện tại, phương pháp phẫu thuật trĩ được bác sĩ sử dụng chủ yếu là: Khâu triệt mạch trĩ dưới hướng dẫn của siêu âm Doppler\n\n**Thời gian 1 phẫu thuật:** 15 phút - 30 phút \n\n**Thời gian xuất viện:** Sau 24h \n\n### **Quy trình gói phẫu thuật** \n\n*   Bước 1: Thăm khám với PGs.Ts.Bs. Lê Mạnh Cường  \n    \n*   Bước 2: Thực hiện các dịch vụ cận lâm sàng theo chỉ định trước phẫu thuật  \n    \n*   Bước 3: Nếu sức khỏe đủ điều kiện sẽ được sắp xếp lịch phẫu thuật ngày hôm sau \n\n### **Chuẩn bị trước phẫu thuật**\n\nBệnh nhân không được ăn sáng hôm đến mổ. Khát nước chỉ được uống nước lọc.\n\n### **Địa chỉ thực hiện phẫu thuật**\n\nBác sĩ thực hiện phẫu thuật cho người bệnh tại Trung tâm Điều trị Bệnh trĩ Hà Nội - Số 1. Đây là đơn vị chuyên khám và chữa các bệnh lý về hậu môn, trực tràng, tiêu hóa uy tín trên địa bàn Hà Nội. Trung tâm có đầy đủ các trang thiết bị tiên tiến, đáp ứng nhu cầu chẩn đoán và điều trị của bệnh nhân. \n\nPhó Giáo sư, Thầy thuốc Ưu tú, Bác sĩ cao cấp Lê Mạnh Cường là bác sĩ phụ trách chuyên môn tại trung tâm - bác sĩ đầu tiên của Việt Nam tiếp nhận và nghiên cứu ứng dụng thành công phẫu thuật Khâu triệt mạch trĩ dưới hướng dẫn của siêu âm Doppler tại Việt Nam.\n\nVới các bệnh nhân có sử dụng bảo hiểm, sẽ được chuyển sang phẫu thuật tại Bệnh viện Tuệ Tĩnh (không cần giấy chuyển viện) để được tiết kiệm hơn về chi phí. PGs.Ts. Lê Mạnh Cường vẫn là người trực tiếp phẫu thuật cho bệnh nhân.', '25 năm kinh nghiệm trong chẩn đoán và điều trị các bệnh lý vùng hậu môn trực tràng, Phó Chủ tịch Hội Hậu môn trực tràng học Việt Nam\"/\"\nBác sĩ trực tiếp khám và phẫu thuật bằng phương pháp khâu triệt mạch trĩ dưới hướng dẫn của siêu âm tại Trung Tâm Điều ', 'pgstsbs-le-manh-cuong--phau-thuat-cat-tri-i33', 'APPROVED', NULL, NOW(), NOW(), FALSE, NOW(), NOW()),
('541c6877-511f-4801-b7b0-785d034e9c3b', 'PGs.Ts.Bs.Nguyễn Thị Hoài An -- Phẫu thuật cắt Amidan/nạo VA', FALSE, 'be1af4ac-c69b-5a7c-a5bd-71bf3bd44485', 'https://res.cloudinary.com/dzrqvdk6r/image/upload/v1729059414/BookingCare/Image/Doctor/pgs-nguyen-thi-hoai-an.jpg', 'f01ab7c8-d9ea-4c5b-9c1d-3e4f5a6b7c8d', '**PGs.Ts.Bs.Nguyễn Thị Hoài An - Phẫu thuật cắt Amidan/nạo VA**\n---------------------------------------------------------------\n\n*   Chuyên gia đầu ngành về Tai mũi họng và phẫu thuật Tai mũi họng \n*   Nguyên Trưởng khoa Tai Mũi Họng trẻ em, Bệnh viện Tai Mũi Họng Trung ương\n*   Trên 25 năm công tác tại Bệnh viện Tai Mũi Họng Trung ương \n\n### **Thông tin phẫu thuật cắt** **Amidan/nạo VA**\n\n**Phương pháp phẫu thuật**\n\nCắt amidan/nạo VA bằng coblator công nghệ plasma, đây gần như là phương pháp hiện đại nhất trong phẫu thuật Amidan, VA. Phương pháp này giúp bệnh nhân rút ngắn thời gian phẫu thuật và thời gian hồi phục sau phẫu thuật.\n\n**Thời gian phẫu thuật:** Khoảng 30 - 45 phút \n\n**Quy trình phẫu thuật** \n\n*   Bước 1: Thăm khám với PGs.Ts.Bs. Nguyễn Thị Hoài An  \n    \n*   Bước 2: Thực hiện các dịch vụ cận lâm sàng theo chỉ định để đảm bảo an toàn trước phẫu thuật.  \n    \n*   Bước 3: Nếu sức khỏe đủ điều kiện sẽ được sắp xếp lịch phẫu thuật trong cùng ngày \n\n**Thời gian xuất viện:** Trong ngày hoặc sau 24h (tùy thuộc tình trạng sức khỏe bệnh nhân) \n\n**Chế độ bảo hiểm**\n\n*   Bảo hiểm y tế nhà nước: Bệnh nhân được chi trả theo quy định nhà nước. Thông thường danh mục được chi trả tại các bệnh viện tư nhân tương đối thấp.\n*   Bảo hiểm tư nhân: Với bảo hiểm bảo lãnh trực tiếp sẽ được bệnh viện hướng dẫn để khấu trừ trực tiếp khi thực hiện phẫu thuật. Trường hợp còn lại sẽ được hỗ trợ hoàn thành giấy tờ để bệnh nhân tự thanh toán với công ty bảo hiểm.\n\n**Địa chỉ phẫu thuật**\n\nBệnh nhân thực hiện phẫu thuật tại Bệnh viện Đa khoa An Việt. Tai Mũi Họng là chuyên khoa mũi nhọn của Bệnh viện An Việt với sự góp mặt của nhiều PGS.TS đầu ngành, đã công tác nhiều năm tại Bệnh viện Tai mũi họng Trung ương.\n\nHiện nay, Bệnh viện An Việt áp dụng công nghệ Plasma hiện đại để phẫu thuật cắt amidan cho trẻ. Đây là kỹ thuật tiên tiến, an toàn, hiệu quả, nhanh chóng nhất hiện nay, được giới chuyên môn ưu tiên áp dụng.\n\nPhương pháp được thực hiện bởi những bác sỹ chuyên môn cao.', 'Nguyên Trưởng khoa Tai Mũi Họng trẻ em, Bệnh viện Tai Mũi Họng Trung ương, trên 30 năm kinh nghiệm trong lĩnh vực Tai Mũi Họng.\"/\"\nBác sĩ trực tiếp khám và phẫu thuật cho người bệnh tại Bệnh viện Đa khoa An Việt.\"/\"\nChi phí phẫu thuật, danh mục rõ ràng, t', 'pgstsbsnguyen-thi-hoai-an--phau-thuat-cat-amidannao-va-i34', 'APPROVED', NULL, NOW(), NOW(), FALSE, NOW(), NOW()),
('63d88910-e41a-47a3-b96f-cdffb34be7e9', 'THS.BS Thiều Sĩ Sắc -- Phẫu thuật cắt bao quy đầu', FALSE, '94e6fafe-e0ae-5bd3-b3e7-614b6c423bd4', 'https://res.cloudinary.com/dzrqvdk6r/image/upload/v1729059415/BookingCare/Image/Doctor/bs-thieu-si-sac.jpg', 'f01ab7c8-d9ea-4c5b-9c1d-3e4f5a6b7c8d', 'THS.BS Thiều Sĩ Sắc - Phẫu thuật cắt bao quy đầu\n------------------------------------------------\n\n*   Gần 10 năm kinh nghiệm trong lĩnh vực Nam học, Tiết niệu\n*   Hiện là bác sĩ tại Bệnh viện Việt Đức\n*   Bác sĩ sẽ trực tiếp thăm khám và phẫu thuật cho người bệnh\n\n### **Phương pháp phẫu thuật**\n\nHiện có hai phương pháp phẫu thuật bao quy đầu được bác sĩ sử dụng, tư vấn cho người bệnh:\n\n*   Phẫu thuật thủ công bằng tay\n*   Phẫu thuật bằng máy Surkon\n\n### **Chi phí phẫu thuật**\n\nMức chi phí phẫu thuật phụ thuộc vào phương pháp. Chi phí dưới đây là chi phí trọn gói đã bao gồm chi phí khám với bác sĩ, xét nghiệm trước phẫu thuật, công phẫu thuật, vật tư tiêu hao trong khi phẫu thuật. Chi phí thực tế có thể dao động xét nghiệm cần làm thêm, thuốc men,...\n\n*   5-7 triệu đồng: Phẫu thuật bằng tay\n*   8-9 triệu đồng: Phẫu thuật bằng máy Surkon\n\n**Lưu ý:** Đối với các trường hợp cụ thể có thể chi phí gói sẽ khác. Chi phí trên đây chưa áp dụng các chương trình khuyến mại và khấu trừ bảo hiểm.\n\n**Chưa bao gồm**\n\n*   Chi phí thuốc sau phẫu thuật\n\n### **Thời gian phẫu thuật dự kiến**\n\n*   Khoảng 30 phút\n\n### **Thời gian xuất viện**\n\n*   Bệnh nhân thường theo dõi sau phẫu thuật 2-3 tiếng tại cơ sở y tế và được xuất viện trong ngày.\n\n### **Quy trình phẫu thuật**\n\n*   Bước 1: Thăm khám với bác sĩ Chuyên khoa Nam học. Sau khi khám, bác sĩ sẽ tư vấn và hẹn thời gian phẫu thuật (với các trường hợp đủ điều kiện).\n*   Bước 2: Thực hiện các dịch vụ cận lâm sàng theo chỉ định trước phẫu thuật\n*   Bước 3: Phẫu thuật với bác sĩ. Nếu sức khỏe đủ điều kiện sẽ được sắp xếp lịch phẫu thuật ngay trong ngày\n\n### Địa điểm phẫu thuật\n\nThạc sĩ, Bác sĩ Thiều Sĩ Sắc thực hiện phẫu thuật bao quy đầu cho người bệnh tại Phòng khám Đa khoa Mediplus - 99 Tân Mai, Hoàng Mai, Hà Nội.\n\nMediplus là phòng khám Đa khoa tư nhân, ứng dụng công nghệ thông tin trong vận hành và quy trình hỗ trợ người bệnh, vì vậy giúp rút ngắn đáng kể thời gian chờ đợi và thông tin, hồ sơ của khách hàng hoàn toàn được cập nhật online, dễ dàng theo dõi. Phòng khám được trang bị đầy đủ trang thiết bị thăm khám, phẫu thuật cắt bao quy đầu, mang lại trải nghiệm khám và điều trị an toàn, thuận tiện.', 'Gần 10 năm kinh nghiệm trong lĩnh vực Nam học, Tiết niệu, hiện công tác tại Bệnh viện Việt Đức\"/\"\nBác sĩ trực tiếp khám và phẫu thuật cho người bệnh tại Phòng khám Đa khoa Mediplus\"/\"\nChi phí trọn gói, quy trình, phương pháp rõ ràng, thuận tiện cho người ', 'thsbs-thieu-si-sac--phau-thuat-cat-bao-quy-dau-i35', 'APPROVED', NULL, NOW(), NOW(), FALSE, NOW(), NOW()),
('0229c6fb-5b40-4e5e-9db6-97563a58c407', 'THS. BS Nguyễn Hữu Thảo -- Phẫu thuật cắt bao quy đầu', FALSE, 'bd4774cf-a8d0-5255-b016-4c35f72dbf71', 'https://res.cloudinary.com/dzrqvdk6r/image/upload/v1729059415/BookingCare/Image/Doctor/bs-nguyen-huu-thao.jpg', 'f01ab7c8-d9ea-4c5b-9c1d-3e4f5a6b7c8d', 'THS. BS Nguyễn Hữu Thảo - Phẫu thuật cắt bao quy đầu\n----------------------------------------------------\n\n*   Gần 10 năm kinh nghiệm trong lĩnh vực Nam học, Tiết niệu\n*   Hiện là bác sĩ tại Trung tâm Nam học, Bệnh viện Việt Đức\n*   Bác sĩ sẽ trực tiếp thăm khám và phẫu thuật cho người bệnh\n\n### **Phương pháp phẫu thuật**\n\nHiện có hai phương pháp phẫu thuật bao quy đầu được bác sĩ sử dụng, tư vấn cho người bệnh:\n\n*   Phẫu thuật thủ công bằng tay\n*   Phẫu thuật bằng máy Surkon\n\n### **Chi phí phẫu thuật**\n\nChi phí phẫu thuật chủ yếu chênh lệch theo từng phương pháp:\n\n*   5-7 triệu đồng: Phẫu thuật bằng tay\n*   8-9 triệu đồng: Phẫu thuật bằng máy Surkon\n\n**Lưu ý:** Đối với các trường hợp cụ thể có thể chi phí gói sẽ khác. Chi phí trên đây chưa áp dụng các chương trình khuyến mại và khấu trừ bảo hiểm.\n\n**Chưa bao gồm**\n\n*   Chi phí thuốc sau phẫu thuật\n\n### **Thời gian phẫu thuật dự kiến**\n\n*   Khoảng 30 phút\n\n### **Thời gian xuất viện**\n\n*   Bệnh nhân thường theo dõi sau phẫu thuật 2-3 tiếng tại cơ sở y tế và được xuất viện trong ngày.\n\n### **Quy trình phẫu thuật**\n\n*   Bước 1: Thăm khám với bác sĩ Chuyên khoa Nam học. Sau khi khám, bác sĩ sẽ tư vấn và hẹn thời gian phẫu thuật (với các trường hợp đủ điều kiện).\n*   Bước 2: Thực hiện các dịch vụ cận lâm sàng theo chỉ định trước phẫu thuật\n*   Bước 3: Phẫu thuật với bác sĩ. Nếu sức khỏe đủ điều kiện sẽ được sắp xếp lịch phẫu thuật ngay trong ngày\n\n### Địa điểm phẫu thuật\n\nThạc sĩ, Bác sĩ Nguyễn Hữu Thảo thực hiện phẫu thuật bao quy đầu cho người bệnh tại Phòng khám Đa khoa Mediplus - 99 Tân Mai, Hoàng Mai, Hà Nội.\n\nMediplus là phòng khám Đa khoa tư nhân, ứng dụng công nghệ thông tin trong vận hành và quy trình hỗ trợ người bệnh, vì vậy giúp rút ngắn đáng kể thời gian chờ đợi và thông tin, hồ sơ của khách hàng hoàn toàn được cập nhật online, dễ dàng theo dõi. Phòng khám được trang bị đầy đủ trang thiết bị thăm khám, phẫu thuật cắt bao quy đầu, mang lại trải nghiệm khám và điều trị an toàn, thuận tiện.', 'Gần 10 năm kinh nghiệm trong lĩnh vực Nam học, Tiết niệu, hiện công tác tại Bệnh viện Việt Đức\"/\"\nBác sĩ trực tiếp khám và phẫu thuật cho người bệnh tại Phòng khám Đa khoa Mediplus\"/\"\nChi phí trọn gói, quy trình, phương pháp rõ ràng, thuận tiện cho người ', 'ths-bs-nguyen-huu-thao--phau-thuat-cat-bao-quy-dau-i36', 'APPROVED', NULL, NOW(), NOW(), FALSE, NOW(), NOW()),
('87706d10-9b95-4dd3-aefa-8a53d9f3c1ab', 'Tiến sĩ, Bác sĩ Boris Fattakhov Temanovich -- Phẫu thuật tật khúc xạ bằng LASILK/ FEMTO/ ReLEx SMILE', FALSE, '21930d64-cf1f-57b9-86f9-0c0245a8c157', 'https://res.cloudinary.com/dzrqvdk6r/image/upload/v1729059415/BookingCare/Image/Doctor/bac-si-boris-viet-nga.jpg', 'f01ab7c8-d9ea-4c5b-9c1d-3e4f5a6b7c8d', 'Bác sĩ Mắt bậc cao Boris Fattakhov Temanovich - Phẫu thuật tật khúc xạ bằng LASILK/ FEMTO/ ReLEx SMILE\n------------------------------------------------------------------------------------------------------\n\n*   Tiến sĩ - Bác sĩ chuyên khoa mắt bậc cao Bor', 'Phó Giám Đốc Chuyên Môn của Bệnh Viện Mắt Quốc Tế Việt - Nga\"/\"\nBác sĩ trực tiếp phẫu thuật cho người bệnh tại Bệnh viện Mắt Quốc tế Việt - Nga.\"/\"\nHệ thống máy móc, trang thiết bị khám và điều trị đồng bộ, hiện đại.\"/\"\nChi phí phẫu thuật, danh mục rõ ràn', 'tien-si-bac-si-boris-fattakhov-temanovich--phau-thuat-tat-khuc-xa-bang-lasilk-femto-relex-smile-i38', 'APPROVED', NULL, NOW(), NOW(), FALSE, NOW(), NOW()),
('afc42d50-94dc-41ae-83cf-35487e9c91b6', 'Gs.Ts.Bs. Hà Văn Quyết -- Phẫu thuật cắt trĩ phương pháp Longo', FALSE, '6ed432c6-a6ad-5b3b-8560-3941946aa142', 'https://res.cloudinary.com/dzrqvdk6r/image/upload/v1729059416/BookingCare/Image/Doctor/giao-su-ha-van-quyet-tieu-hoa-da-day.jpg', 'f01ab7c8-d9ea-4c5b-9c1d-3e4f5a6b7c8d', '**Giáo sư, Tiến sĩ, Bác sĩ Hà Văn Quyết - Phẫu thuật cắt trĩ**\n--------------------------------------------------------------\n\n*   Nguyên Giám đốc Bệnh viện Đại học Y Hà Nội\n*   Chuyên gia đầu ngành trong lĩnh vực bệnh lý Tiêu hóa\n*   Kinh nghiệm làm việc trên 35 năm trong lĩnh vực bệnh lý Tiêu hóa\n*   Chuyên ngành Ngoại – Phẫu thuật Nội soi Tiêu hóa, Ổ bụng & các bệnh lý hậu môn, trực tràng.\n\n### **Phương pháp phẫu thuật**\n\n*   Hiện tại bác sĩ tư vấn và trực tiếp phẫu thuật cho người bệnh bằng phương pháp Longo: Đây là Phương pháp có thời gian phẫu thuật nhanh, ít gây chảy máu trong phẫu thuật và được sử dụng rộng rãi cả ở cơ sở công lập và tư nhân.\n\n**Chi phí phẫu thuật**\n\n*   Chi phí phẫu thuật trọn gói ước tính: 42.000.000đ\n\nChi phí thực tế có thể dao động tùy thuộc vào tình trạng của người bệnh.\n\n**Thời gian phẫu thuật**\n\n*   Được thực hiện phẫu thuật luôn trong ngày.\n\n**Thời gian xuất viện:** Khoảng 2 - 3 ngày sau phẫu thuật, theo tình trạng thực tế.\n\n**Bảo hiểm áp dụng**\n\n*   Bảo hiểm y tế: Theo quy định của nhà nước. \n*   Bảo hiểm tư nhân: Với bảo hiểm bảo lãnh trực tiếp sẽ được hướng dẫn để làm thủ tục khấu trừ trực tiếp. Với bảo hiểm không bảo lãnh trực tiếp sẽ được hỗ trợ hoàn thành thủ tục để bệnh nhân tự thanh toán với bảo hiểm.\n\n**Quy trình phẫu thuật** \n\n*   Bước 1: Thăm khám với bác sĩ Chuyên khoa. Nếu tình trạng phù hợp để được phẫu thuật sẽ được chỉ định thực hiện trong ngày.  \n    \n*   Bước 2: Thực hiện các dịch vụ cận lâm sàng theo chỉ định trước phẫu thuật.  \n    \n*   Bước 3: Thực hiện phẫu thuật với bác sĩ theo chỉ định trước đó.\n\n### Địa chỉ phẫu thuật\n\nGiáo sư, Tiến sĩ Hà Văn Quyết hiện phẫu thuật cho người bệnh tại Bệnh viện Ung Bướu Hưng Việt.\n\nMột trong những điểm mạnh giúp Bệnh viên Ung bướu Hưng Việt trở thành điểm sáng về khám chữa bệnh là đội ngũ y bác sĩ giỏi uy tín. Các bác sĩ trực tiếp thăm khám, phẫu thuật cho bệnh nhân đều là những chuyên gia đã đang làm việc tại các bệnh viện lớn như: Bệnh viện K Trung ương, Bệnh viện Bạch Mai, Bệnh viện Đại học Y Hà Nội, Bệnh viện Hữu nghị Việt Đức, Bệnh viên Quân đội 108,...\n\nBên cạnh đó, bệnh nhân có thể an tâm tới khám và điều trí nội trú, ngoại trú vì bệnh viện hệ thống cơ sở vật chất đầy đủ, tiện nghi đạt tiêu chuẩn tiên tiến song song với đó là trang thiết bị y tế hiện đại nhập khẩu từ Mỹ, Châu Âu.', 'Chuyên gia đầu ngành trong lĩnh vực Tiêu hóa, hơn 35 năm kinh nghiệm khám và điều trị.\"/\"\nBác sĩ trực tiếp phẫu thuật cho người bệnh tại Bệnh viện Hưng Việt.\"/\"\nChi phí dịch vụ minh bạch, danh mục khám phẫu thuật rõ ràng thuận tiện cho người bệnh thăm khá', 'gstsbs-ha-van-quyet--phau-thuat-cat-tri-phuong-phap-longo-i39', 'APPROVED', NULL, NOW(), NOW(), FALSE, NOW(), NOW()),
('8396b394-e549-4ea8-b5ca-32c246bc1358', 'BSCKI Dương Văn Tiến -- Phẫu thuật nạo VA/cắt Amidan bằng dao Plasma Plus', FALSE, 'cabd8bd9-73a9-5401-ac84-7c3f3bc3639a', 'https://res.cloudinary.com/dzrqvdk6r/image/upload/v1729059415/BookingCare/Image/Doctor/bac-si-duong-van-tien.jpg', 'f01ab7c8-d9ea-4c5b-9c1d-3e4f5a6b7c8d', 'BSCKI. Dương Văn Tiến - Phẫu thuật nạo VA/cắt Amindan bằng dao Plasma Plus\n--------------------------------------------------------------------------\n\n*   Trưởng Chuyên khoa Tai mũi họng, Hệ thống Y tế Thu Cúc TCI \n*   Nguyên Trưởng khoa Tai mũi họng - Bệnh viện Giao thông Vận tải\n*   Trên 30 năm kinh nghiệm thăm khám và điều trị các bệnh lý tai mũi họng\n\n### Thông tin phẫu thuật nạo VA/cắt Amindan\n\n**Phương pháp phẫu thuật**\n\nBác sĩ thực hiện phẫu thuật cho người bệnh bằng công nghệ Plasma Plus. Phương pháp này có những đặc điểm nổi bật như: \n\n*   Công nghệ Plasma Plus hiện đại bậc nhất hiện nay.\n*   Nhiệt lượng dao thấp, không làm tổn thương các mô xung quanh.\n*   Không đau, không chảy máu nhờ tính năng hàn mạch siêu nhỏ.\n*   Thời gian thực hiện phẫu thuật chỉ từ 30-45 phút.\n*   Người bệnh có thể xuất viện trong 24 giờ sau phẫu thuật.\n*   Thời gian lành thương nhanh, chăm sóc hậu phẫu dễ dàng.\n\n**Quy trình thực hiện phẫu thuật**\n\n*   Bước 1: Thăm khám với BSCKI. Dương Văn Tiến  \n    \n*   Bước 2: Thực hiện các dịch vụ cận lâm sàng theo chỉ định của bác sĩ để đảm bảo an toàn trong phẫu thuật  \n    \n*   Bước 3: Nếu sức khỏe đủ điều kiện sẽ được sắp xếp lịch phẫu thuật sớm nhất\n\n**Chi phí phẫu thuật**\n\nMức chi phí dưới đây là tổng chi phí ước tính cho toàn bộ quá trình phẫu thuật. Trong thực tế, chi phí có thể dao động do tình trạng thực tế của người bệnh.\n\n*   Phẫu thuật nạo VA: 19.800.000đ\n*   Phẫu thuật cắt Amidan: 18.600.000đ\n\n**Thời gian thực hiện phẫu thuật:** khoảng 30 phút \n\n**Thời gian xuất viện**: trong 24 giờ sau phẫu thuật\n\n**Chế độ bảo hiểm**\n\n*   Bảo hiểm y tế nhà nước: Được chi trả theo quy định chung của nhà nước. Tuy nhiên thường danh mục áp dụng chi trả tương đối thấp tại các bệnh viện tư nhân nói chung.\n*   Bảo hiểm tư nhân: Nếu có Bảo hiểm bảo lãnh trực tiếp tại viện sẽ được bệnh viện hướng dẫn để khấu trừ trực tiếp. Nếu không có bảo lãnh trực tiếp thì sẽ được xuất hóa đơn đỏ để người bệnh tự thanh toán với công ty bảo hiểm.\n\n**Địa chỉ phẫu thuật**\n\nBệnh nhân được bác sĩ trực tiếp khám và phẫu thuật tại Bệnh viện Thu Cúc - Cơ sở Thụy Khuê - 286 Thụy Khuê, Tây Hồ, Hà Nội.\n\nBệnh viện Đa khoa Quốc tế Thu Cúc đã đầu tư những trang bị y khoa hiện đại hàng đầu ở Việt Nam. Trong đó phải kể đến hệ thống phòng mổ vô khuẩn một chiều được đánh giá là hiện đại và ít cơ sở tư nhân có được trên cả nước. Đây là hệ thống hiện đại có khả năng khử khuẩn và lọc khí tối tân, cấp khí tươi cho phòng mổ giúp người bệnh tránh được nhiễm khuẩn trong quá trình phẫu thuật và bình phục tốt hơn trong thời gian hậu phẫu. Mỗi phòng mổ đều được trang bị hệ thống cách âm, đèn mổ, bàn mổ và các dụng cụ hỗ trợ ca mổ tiên tiến nhất của các hãng thiết bị y tế danh tiếng.', 'Trưởng khoa Tai mũi họng, Bệnh viện Quốc tế Thu Cúc.\"/\"\nTrên 30 năm kinh nghiệm trong lĩnh vực Tai mũi họng.\"/\"\nBác sĩ trực tiếp khám và phẫu thuật cho người bệnh tại Bệnh viện Đa Quốc Tế Thu Cúc.\"/\"\nChi phí, danh mục phẫu thuật rõ ràng, thuận tiện cho ng', 'bscki-duong-van-tien--phau-thuat-nao-vacat-amidan-bang-dao-plasma-plus-i40', 'APPROVED', NULL, NOW(), NOW(), FALSE, NOW(), NOW()),
('bb1dffb2-5d11-413d-95b3-f2e2f5f02f48', 'BSCKII Nguyễn Đăng Dũng -- Mổ cận thị bằng Lasik/ SmartSurfACE/ Femto-Lasik/ Relex Smile/ Phakic', FALSE, 'a6dc58c2-cf75-5470-a988-06d697e520ff', 'https://res.cloudinary.com/dzrqvdk6r/image/upload/v1729059415/BookingCare/Image/Doctor/bsckii-nguyen-dang-dung.png', 'f01ab7c8-d9ea-4c5b-9c1d-3e4f5a6b7c8d', 'BSCKII Nguyễn Đăng Dũng - Mổ cận thị \n-------------------------------------\n\n*   Giám đốc Bệnh viện chuyên khoa mắt Quốc Tế DND\n*   Hơn 30 năm kinh nghiệm trong lĩnh vực mổ mắt công nghệ Lasik nói riêng và lĩnh vực Nhãn khoa nói chung\n*   Bác sĩ từng tham gia nhiều khóa học trong và ngoài nước về phẫu thuật mắt\n*   Bác sĩ trực tiếp mổ cho người bệnh tại Bệnh viện Mắt Quốc tế DND\n\n### Thông tin về mổ cận thị\n\nHiện tại, có 5 phương pháp mổ tật cận thị được sử dụng tại Bệnh viện Mắt Quốc tế DND sẽ được trực tiếp BSCKII Nguyễn Đăng Dũng thực hiện:\n\n**Phương pháp**\n\n**Ưu điểm**\n\n**Nhược điểm**\n\n**Lasik**\n\n*   Gần 80% người chọn phẫu thuật Lasik sẽ cải thiện tầm nhìn sau đó. Khoảng 1 ngày sau phẫu thuật, bệnh nhân có thể nhìn thấy khá tốt như lúc đeo kính. Trong vòng vài tháng, sau khi mắt khỏi bệnh nhân sẽ có sự cải thiện lớn trong tầm nhìn.\n*   Thường được điều trị ngoại trú, tiến hành ngay tại phòng bác sĩ không cần phải thực hiện tại các phòng phẫu thuật trong bệnh viện.\n\n*   Người bệnh phải đủ 18 tuổi trở lên.\n*   Có tác dụng phụ như khô mắt.\n*   Có thể xảy ra biến chứng liên quan đến vạt giác mạc.\n*   Có thể ngăn chặn khả năng tuần hoàn máu của võng mạc.\n*   Không phải là lựa chọn tối ưu cho người nhiều tuổi, vì quá trình lành mắt kéo dài hơn bình thường. Nhiều ca bác sĩ phải yêu cầu một phương pháp điều trị khác và cần đeo kính trở lại.\n\n**SmartSurfACE**\n\n*   An toàn, nhẹ nhàng và chính xác. Không có biến chứng cắt, vạt. Bảo tồn tối đa tính chất cơ sinh học của giác mạc. Hoạt động của tuyến lệ – sản xuất nước mắt hầu như không bị ảnh hưởng, làm cho SmartSurf ACE trở nên lý tưởng cho những bệnh nhân bị khô mắt hoặc không dung nạp kính áp tròng.\n*   Việc điều chỉnh thị lực được thực hiện chỉ với một tia laser trong một bước duy nhất, không có áp lực hút lên nhãn cầu. Giúp thời gian điều trị rút ngắn, giảm thiểu nguy cơ mất nước của giác mạc.\n*   Quá trình chữa bệnh và phục hồi thị lực nhanh hơn đáng kể so với các phương pháp điều trị bề mặt Lasik thông thường.\n*   Có thể được sử dụng để điều trị riêng biệt một loại tật khúc xạ hoặc phối hợp các loại tật khúc xạ (Cận thị, Viễn thị, Loạn thị). Ngoài ra, SmartSurfACE còn có thể được sử dụng để điều trị cả Lão thị.\n\n*   Nhược điểm của phẫu thuật không chạm là nó phá hủy diện tích lớn biểu mô giác mạc, gây đau mặc dù không đáng kể và biểu mô giác mạc sẽ tự lành lại.\n*   Bên cạnh đó, phẫu thuật không chạm khiến thời gian hồi phục chưa thực sự nhanh\n\n**Femto-Lasik**\n\n*   Phạm vi điều trị rộng\n*   Có thể áp dụng cho bệnh nhân cận loạn cao (cận 18 độ, loạn 6 độ), giác mạc mỏng.\n*   Phẫu thuật với độ chính xác cực cao\n*   Dùng tia Laser Femto thay cho dao cắt giác mạc truyền thống đã loại bỏ hoàn toàn các biến chứng trong khi tạo vạt giác mạc.\n*   Thời gian hồi phục nhanh chóng: Người bệnh có được thị lực tốt ngay sau ca mổ, có thể xuất viện ngay trong ngày.\n\n*   Lớp bong bóng mờ (OBL): Xảy ra khi các bong bóng khí tích tụ trong vạt và cản trở khả năng hoạt động của tia laser.\n*   Hội chứng nhạy cảm với ánh sáng thoáng qua (TLSS): Phát sinh vài ngày hoặc vài tuần sau phẫu thuật, dẫn đến mắt có thể cực kỳ nhạy cảm với ánh sáng và các vấn đề thị lực.\n*    “Lóa cầu vồng”: do những bất thường nhỏ ở mặt sau của vạt được tạo ra trong quá trình phẫu thuật.\n\n**ReLEx SMILE**\n\n*   Không tạo vạt, không lật vạt, không có biến chứng về vạt giác mạc.\n*   Toàn bộ quá trình phẫu thuật hoàn toàn bằng Laser\n*   Đường mổ nhỏ chỉ 2mm giúp bảo tồn tối đa cấu trúc nguyên thủy của giác mạc\n*   Thời gian phẫu thuật nhanh, nhẹ nhàng, kết quả sau phẫu thuật tốt, có tính ổn định cao\n*   Tại Bệnh viện Mắt quốc tế DND, ReLEx SMILE được thực hiện hoàn toàn bằng hệ thống Femtosecond Laser – VISUMAX của Carl Zeiss Meditec hiện đại, an toàn tuyệt đối\n\n*   Chi phí phẫu thuật ReLEx SMILE khá cao.\n*   Nếu tái cận khó bắn laser bổ sung so với các phương pháp khác.\n\n**Phakic ICL**\n\n*   Vết mổ siêu nhỏ từ 2-3mm, thị lực phục hồi nhanh.\n*   Điều trị độ cận, loạn cao nhưng không làm mỏng giác mạc, hạn chế tối đa rủi ro các bệnh giác mạc\n*   ICL có thể khắc phục chứng cận thị nặng mà không thể sửa chữa bằng các phẫu thuật khác.\n*   Thấu kính nhân tạo giúp hạn chế tình trạng khô mắt.\n*   Có tầm nhìn tốt hơn vào ban đêm.\n\nMặc dù phẫu thuật ICL đã được chứng minh là an toàn, nhưng có thể gây ra các biến chứng như:\n\n*   Tăng nguy cơ mắc bệnh tăng nhãn áp: Nếu thấu kính nhân tạo quá khổ hoặc đặt sai vị trí sẽ làm tăng áp lực trong mắt.\n*   Giảm thị lực: Nếu bị nhãn áp cao quá lâu, có thể bị giảm thị lực.\n*   Đục thủy tinh thể sớm: ICL có thể làm giảm lưu thông chất lỏng trong mắt, tăng nguy cơ bị đục thủy tinh thể. \n*   Giác mạc đục: Phẫu thuật mắt, cùng với tuổi tác, làm giảm các tế bào nội mô trong giác mạc. Nếu tế bào giảm quá nhanh, có thể bị đục giác mạc và giảm thị lực.\n*   Bong võng mạc: Phẫu thuật mắt cũng làm tăng nguy cơ võng mạc bị bong ra khỏi vị trí bình thường của. Đây là một biến chứng hiếm gặp.\n\n**Chi phí mổ tật cận thị**\n\nDưới đây là chi phí phẫu thuật theo từng phương pháp tại Bệnh viện Mắt Quốc tế DND. Chi phí đã bao gồm toàn bộ phí khám, đo mắt, xét nghiệm, phẫu thuật:\n\n*   Phẫu thuật Lasik: 15.300.000đ\n*   Phẫu thuật SmartSurface: 22.500.000đ\n*   Phẫu thuật Femto-Lasilk: 30.000.000đ\n*   Phẫu thuật Relex Smile: 42.000.000đ\n*   Phẫu thuật Phakic: 86.000.000đ\n\n**Thời gian cho 1 ca mổ**\n\n*   Thời gian phẫu thuật khoảng 10 phút\n\n**Thời gian xuất viện**\n\n*   Bệnh nhân xuất viện trong ngày và sáng hôm sau đến tái khám\n\n**Quy trình gói mổ cận** \n\n*   Bước 1: Thăm khám với bác sĩ chuyên khoa Mắt  \n    \n*   Bước 2: Thực hiện các dịch vụ cận lâm sàng  \n    \n*   Bước 3: Nếu tình trạng sức khỏe đủ điều kiện sẽ tiến hành phẫu thuật trong cùng ngày (khám sáng, chiều phẫu thuật)\n\n**Chế độ bảo hiểm**\n\n*   Phẫu thuật tật cận thị là loại phẫu thuật không được áp dụng bảo hiểm y tế.\n*   Trường hợp bệnh nhân có bảo hiểm tư nhân sẽ được bệnh viện hỗ trợ bảo lãnh tại viện (nếu có) hoặc xuất hóa đơn đỏ.\n\n### Địa chỉ mổ cận\n\nBệnh nhân sẽ được thực hiện mổ cận thị tại Bệnh viện Mắt quốc tế DND **-** Bệnh viện chuyên khoa Mắt đạt tiêu chuẩn quốc tế tại Hà Nội đang triển khai các công nghệ, kỹ thuật hiện đại trong chẩn đoán, phẫu thuật và điều trị các bệnh về mắt với các chuyên gia hàng đầu về nhãn khoa trong và ngoài nước thực hiện.\n\nBệnh viện Mắt Quốc tế DND được xây dựng theo tiêu chuẩn quốc tế với các ưu thế vượt trội:\n\n*   Hệ thống máy móc, trang thiết bị khám và điều trị đồng bộ, hiện đại.\n*   Đội ngũ chuyên gia, bác sĩ trên 30 năm kinh nghiệm.\n*   Hợp tác với các Trung tâm nhãn khoa lớn trên thế giới của Mỹ, Singapore và Canada trong chẩn đoán và điều trị bệnh.\n*   Dịch vụ đặt trước và trọn gói (Dịch vụ chăm sóc chuyên nghiệp, phục vụ tận tâm).\n*   Dữ liệu được chuẩn hóa và quản lý toàn diện.', 'Giám đốc Bệnh viện chuyên khoa mắt Quốc Tế DND.\"/\"\nHơn 30 năm kinh nghiệm về khám, điều trị, phẫu thuật mắt.\"/\"\nBác sĩ trực tiếp mổ cho người bệnh tại Bệnh viện Mắt Quốc tế DND.\"/\"\nChi phí, danh mục phẫu thuật rõ ràng, thuận tiện cho người bệnh', 'bsckii-nguyen-dang-dung--mo-can-thi-bang-lasik-smartsurface-femto-lasik-relex-smile-phakic-i41', 'APPROVED', NULL, NOW(), NOW(), FALSE, NOW(), NOW());

INSERT INTO medical_service VALUES
('a1b2c3d4-e5f6-47a8-9b1c-2d3e4f5a6b7c', 'Khám Chuyên Khoa', 'https://res.cloudinary.com/dzrqvdk6r/image/upload/v1726666839/BookingCare/Image/Full-Service/kham-chuyen-khoa.png', 'kham-chuyen-khoa', FALSE, NOW(), NOW()),
('b1c2d3e4-f5a6-47b8-9c1d-2e3f4a5b6c7d', 'Khám Từ Xa', 'https://res.cloudinary.com/dzrqvdk6r/image/upload/v1726666839/BookingCare/Image/Full-Service/kham-tu-xa.png', 'kham-tu-xa', FALSE, NOW(), NOW()),
('c1d2e3f4-a5b6-47c8-9d1e-2f3a4b5c6d7e', 'Khám Tổng Quát', 'https://res.cloudinary.com/dzrqvdk6r/image/upload/v1726666839/BookingCare/Image/Full-Service/kham-tong-quat.png', 'kham-tong-quat', FALSE, NOW(), NOW()),
('d1e2f3a4-b5c6-47d8-9e1f-2a3b4c5d6e7f', 'Xét nghiệm y học', 'https://res.cloudinary.com/dzrqvdk6r/image/upload/v1726666840/BookingCare/Image/Full-Service/xet-nghiem-y-hoc.png', 'xet-nghiem-y-hoc', FALSE, NOW(), NOW()),
('e1f2a3b4-c5d6-47e8-9f1a-2b3c4d5e6f7a', 'Sức khỏe tinh thần', 'https://res.cloudinary.com/dzrqvdk6r/image/upload/v1726666840/BookingCare/Image/Full-Service/suc-khoe-tinh-than.png', 'kham-tinh-than', FALSE, NOW(), NOW()),
('f1a2b3c4-d5e6-47f8-9a1b-2c3d4e5f6a7b', 'Khám nha khoa', 'https://res.cloudinary.com/dzrqvdk6r/image/upload/v1726666839/BookingCare/Image/Full-Service/kham-nha-khoa.png', 'kham-nha-khoa', FALSE, NOW(), NOW()),
('a2b3c4d5-e6f7-4a8b-9c1d-3e4f5a6b7c8d', 'Gói phẫu thuật', 'https://res.cloudinary.com/dzrqvdk6r/image/upload/v1726666839/BookingCare/Image/Full-Service/goi-phau-thuat.png', 'goi-phau-thuat', FALSE, NOW(), NOW()),
('b2c3d4e5-f6a7-4b8c-9d1e-3f4a5b6c7d8e', 'Sống khỏe Tiểu đường', 'https://res.cloudinary.com/dzrqvdk6r/image/upload/v1726666840/BookingCare/Image/Full-Service/song-khoe-tieu-duong.png', 'tieu-duong', FALSE, NOW(), NOW()),
('c2d3e4f5-a6b7-4c8d-9e1f-3a4b5c6d7e8f', 'Bài Test Sức khỏe', 'https://res.cloudinary.com/dzrqvdk6r/image/upload/v1726666838/BookingCare/Image/Full-Service/bai-test-suc-khoe.png', 'bai-test', FALSE, NOW(), NOW()),
('d2e3f4a5-b6c7-4d8e-9f1a-3b4c5d6e7f8a', 'Y tế gần bạn', 'https://res.cloudinary.com/dzrqvdk6r/image/upload/v1726666840/BookingCare/Image/Full-Service/y-te-gan-nha.png', 'y-te-gan-ban', FALSE, NOW(), NOW());

INSERT INTO specific_medical_service VALUES
('a3b4c5d6-e7f8-48b9-9c1d-3e4f5a6b7c8d', 'Tư vấn, trị liệu Tâm lý từ xa', 'https://res.cloudinary.com/dzrqvdk6r/image/upload/v1727684530/BookingCare/Image/Specific-Medical-Service/tam-ly-tu-xa.png', 'tu-van-tri-lieu-tam-ly-tu-xa-s1', '**Chuyên gia tư vấn Tâm lý giỏi**\n\n*   BookingCare là Nền tảng Y tế chăm sóc Sức khỏe toàn diện, trong đó có cung cấp dịch vụ tư vấn tâm lý từ xa.\n*   Chuyên gia được đào tạo bài bản về chuyên ngành Tâm lý tại các trường đại học trong nước và quốc tế.\n*   Nhà Tâm lý học là những người có nhiều kinh nghiệm trong lĩnh vực tâm lý, chăm sóc sức khỏe tinh thần.\n*   Các nhà chuyên môn nghiên cứu, tư vấn và trị liệu theo các phương pháp tiếp cận mới, hiệu quả.\n*   Lắng nghe và thấu hiểu khách hàng để giúp họ vượt qua khó khăn của bản thân.\n\n**Tư vấn và trị liệu**\n\n*   Khó khăn, rối nhiễu tâm lý\n*   Phát triển cá nhân\n*   Mâu thuẫn, lạm dụng và tổn thương tâm lý\n*   Tái hòa nhập xã hội\n*   Vấn đề khuyết tật và nhóm yếu thế\n*   Những vấn đề của vị thành niên\n*   Giới tính và tình dục\n*   Những vấn đề trong mối quan hệ gia đình\n\nNgoài những vấn đề nêu trên, khách hàng có thể liên hệ với chúng tôi để được hỗ trợ, sắp xếp lịch tư vấn phù hợp', FALSE, NOW(), NOW()),
('b3c4d5e6-f7a8-49c0-9d1e-3f4a5b6c7d8e', 'Sức khỏe tâm thần từ xa', 'https://res.cloudinary.com/dzrqvdk6r/image/upload/v1727684530/BookingCare/Image/Specific-Medical-Service/tam-than-tu-xa.png', 'suc-khoe-tam-than-tu-xa-s2', '**Tư vấn, khám chữa bệnh từ xa**\n\nĐể đáp ứng nhu cầu chăm sóc sức khỏe Hậu COVID-19, BookingCare triển khai dịch vụ tư vấn khám chữa bệnh từ xa thông qua cuộc gọi Video.  \n\n**Bác sĩ chuyên khoa Sức khỏe tâm thần từ xa**\n\n*   Chăm sóc sức khỏe ban đầu\n*   Chẩn đoán định hướng bệnh\n*   Định hướng phương pháp điều trị\n*   Tư vấn sử dụng thuốc\n*   Tư vấn xét nghiệm, chụp chiếu\n*   Người gặp các bệnh mãn tính\n*   Bệnh nhân cũ cần tái khám với bác sĩ từ xa\n\n**Các bệnh chuyên khoa Tâm thần (Tâm bệnh)**\n\n*   Rối loạn lo âu, hoa mắt chóng mặt\n*   Rối loạn tiền đình; Rối loạn thần kinh thực vật\n*   Trầm cảm\n*   Mất ngủ, khó ngủ, khó duy trì giấc ngủ, dậy quá sớm, ngủ dậy vẫn thấy mệt, tỉnh dậy nhiều lần trong giấc ngủ.\n*   Đau đầu, đau lưng, đau mỏi vai gáy, mệt mỏi mạn tính, mất ngủ, bồn chồn, dễ cáu kỉnh, tự đánh giá thấp bản thân\n*   Căng thẳng tâm lý, suy nghĩ tiêu cực, bi quan và tuyệt vọng kéo dài.  \n    \n*   Rối loạn lưỡng cực cảm xúc\n*   Tâm thần phân liệt, có thể kích động, khả năng học tập lao động giảm dần, ngày càng thờ ơ, vô cảm.\n*   Rối loạn tăng động giảm chú ý (ADHD)  \n    \n*   Nghiện game, Nghiện rượu, thuốc lá, Nghiện ma túy tổng hợp...\n\n**Lợi ích khám tư vấn từ xa**\n\n*   Qui trình, thao tác đơn giản, nhanh gọn\n*   Đội ngũ bác sĩ chuyên khoa giàu kinh nghiệm và trách nhiệm cao\n*   Khám, tư vấn và điều trị hiệu quả chuyên sâu\n*   Kết nối mạng lưới nhiều bệnh viện, phòng khám chuyên khoa sâu, rộng\n*   Tiện lợi, nhanh chóng, bệnh nhân tại nhà gặp bác sĩ từ xa.\n*   An toàn mùa Covid-19 cho bệnh nhân và gia đình\n*   Tiết kiệm chi phí, giảm tàu xe, ăn ở, thời gian chờ đợi.', FALSE, NOW(), NOW()),
('c3d4e5f6-a7b8-49d1-9e1f-3a4b5c6d7e8f', 'Bác sĩ Da liễu từ xa', 'https://res.cloudinary.com/dzrqvdk6r/image/upload/v1727684528/BookingCare/Image/Specific-Medical-Service/da-lieu-tu-xa.png', 'bac-si-da-lieu-tu-xa-s3', '**Tư vấn khám chữa bệnh từ xa**\n\nĐể đáp ứng nhu cầu chăm sóc sức khỏe Hậu COVID-19, BookingCare triển khai dịch vụ tư vấn khám chữa bệnh từ xa thông qua cuộc gọi Video.  \n\n**Bác sĩ chuyên khoa da liễu từ xa  \n**\n\n*   Chăm sóc sức khỏe ban đầu  \n    \n*   Chẩn đoán định hướng bệnh\n*   Định hướng phương pháp điều trị\n*   Tư vấn sử dụng thuốc\n*   Tư vấn xét nghiệm, chụp chiếu\n*   Người gặp các bệnh mãn tính\n*   Bệnh nhân cũ cần tái khám với bác sĩ từ xa\n\n**Các bệnh da liễu**\n\n*   Bệnh ngoài da thường gặp và chuyên sâu, viêm da cơ địa, vảy nến, viêm da tiết bã (viêm da dầu), mày đay mạn tính, viêm da tiếp xúc, trứng cá, nấm da, một số bệnh lý da do nhiễm trùng, zona, thủy đậu, sùi mào gà, nám da, sẹo, mụn nhọt, rụng tóc...\n\n**Lợi ích khám tư vấn từ xa**\n\n*   Qui trình, thao tác đơn giản, nhanh gọn\n*   Đội ngũ bác sĩ chuyên khoa giàu kinh nghiệm và trách nhiệm cao\n*   Khám, tư vấn và điều trị hiệu quả chuyên sâu\n*   Kết nối mạng lưới nhiều Bệnh viện, phòng khám chuyên khoa sâu, rộng\n*   Tiện lợi, nhanh chóng, bệnh nhân tại nhà gặp bác sĩ từ xa.\n*   An toàn mùa Covid-19 cho bệnh nhân và gia đình\n*   Tiết kiệm chi phí, giảm tàu xe, ăn ở, thời gian chờ đợi.', FALSE, NOW(), NOW()),
('d3e4f5a6-b7c8-49e2-9f1a-3b4c5d6e7f8a', 'Bác sĩ Cơ-Xương-Khớp từ xa', 'https://res.cloudinary.com/dzrqvdk6r/image/upload/v1727684528/BookingCare/Image/Specific-Medical-Service/co-xuong-khop-tu-xa.png', 'bac-si-co-xuong-khop-tu-xa-s4', '**TƯ VẤN KHÁM CHỮA BỆNH TỪ XA**\n\nĐể đáp ứng nhu cầu chăm sóc sức khỏe Hậu COVID-19, BookingCare triển khai dịch vụ tư vấn khám chữa bệnh từ xa thông qua cuộc gọi có hình Video.  \n\n**Bác sĩ chuyên khoa Cơ-Xương-Khớp khám từ xa**\n\n*   Chăm sóc sức khỏe ban đầu\n*   Chẩn đoán định hướng bệnh\n*   Định hướng phương pháp điều trị\n*   Tư vấn sử dụng thuốc\n*   Tư vấn xét nghiệm, chụp chiếu\n*   Người gặp các bệnh mãn tính\n*   Bệnh nhân cũ cần tái khám với bác sĩ từ xa\n\n**Các bệnh chuyên khoa Cơ-Xương-Khớp**\n\n*   Thoái hóa khớp  \n    \n*   Đau gối, Đau háng, Đau hông\n*   Đau các ngón chân, Đau cổ chân, bàn chân  \n    \n*   Bệnh Gout; Viêm khớp dạng thấp, Viêm đa khớp, Viêm gân\n*   Đau nhiều khớp; Đau xương bánh chè\n*   Viêm màng hoạt dịch (khớp gối, háng, cổ chân, khớp khủy)\n*   Biến dạng khớp bàn chân, khớp gối, đi lạch bạch, yếu cơ, đau mỏi cơ  \n    \n*   Sưng khớp, nóng khớp, đỏ khớp, đau khớp\n*   Teo cơ Delta; Viêm gân gót, Viên gân Asin, Viêm gân gan chân  \n    \n*   Tràn dịch khớp gối, Tràn dịch khớp háng, Tràn dịch khớp khủy, Tràn dịch khớp vai  \n    \n*   Viêm lồi cửa trước xương chày  \n    \n*   Thoái hóa sụn khớp, Rách sụn trên  \n    \n\n**Lợi ích khám tư vấn từ xa**  \n\n*   Qui trình, thao tác đơn giản, nhanh gọn\n*   Đội ngũ bác sĩ chuyên khoa giàu kinh nghiệm và trách nhiệm cao\n*   Khám, tư vấn và điều trị hiệu quả chuyên sâu\n*   Kết nối mạng lưới nhiều Bệnh viện, phòng khám chuyên khoa sâu, rộng\n*   Tiện lợi, nhanh chóng, bệnh nhân tại nhà gặp bác sĩ từ xa.\n*   An toàn mùa Covid-19 cho bệnh nhân và gia đình\n*   Tiết kiệm chi phí, giảm tàu xe, ăn ở, thời gian chờ đợi.', FALSE, NOW(), NOW()),
('e3f4a5b6-c7d8-49f3-9a1b-3c4d5e6f7a8b', 'Bác sĩ Tiêu hóa từ xa', 'https://res.cloudinary.com/dzrqvdk6r/image/upload/v1727684531/BookingCare/Image/Specific-Medical-Service/tieu-hoa-tu-xa.png', 'bac-si-tieu-hoa-tu-xa-s5', '**TƯ VẤN KHÁM CHỮA BỆNH TỪ XA**\n\nĐể đáp ứng nhu cầu chăm sóc sức khỏe Hậu COVID-19, BookingCare triển khai dịch vụ tư vấn khám chữa bệnh từ xa thông qua cuộc gọi Video.\n\n**Bác sĩ chuyên khoa Tiêu hóa khám từ xa**\n\n*   Chăm sóc sức khỏe ban đầu  \n    \n*   Chẩn đoán định hướng bệnh\n*   Định hướng phương pháp điều trị\n*   Tư vấn sử dụng thuốc\n*   Tư vấn xét nghiệm, chụp chiếu\n*   Người gặp các bệnh mãn tính\n*   Bệnh nhân cũ cần tái khám với bác sĩ từ xa\n\n**Các bệnh chuyên khoa Tiêu hóa**\n\n*   Đau dạ dày\n*   Trào ngược dạ dày - thực quản\n*   Viêm hang vị dạ dày; Viêm, loét dạ dày; Viêm, loét tá tràng\n*   Polyp dạ dày, ung thư dạ dày …\n*   Đau thượng vị; Khó nuốt; Khó tiêu; Táo bón\n*   Hội chứng ruột kích thích\n*   Bệnh lý không dung nạp lactose\n*   Viêm đại tràng\n*   Đi ngoài ra máu\n*   Nứt kẽ hậu môn, đại tiện khó\n\n**Lợi ích khám tư vấn từ xa**\n\n*   Qui trình, thao tác đơn giản, nhanh gọn\n*   Đội ngũ bác sĩ chuyên khoa giàu kinh nghiệm và trách nhiệm cao\n*   Khám, tư vấn và điều trị hiệu quả chuyên sâu\n*   Kết nối mạng lưới nhiều Bệnh viện, phòng khám chuyên khoa sâu, rộng\n*   Tiện lợi, nhanh chóng, bệnh nhân tại nhà gặp bác sĩ từ xa.\n*   An toàn mùa Covid-19 cho bệnh nhân và gia đình\n*   Tiết kiệm chi phí, giảm tàu xe, ăn ở, thời gian chờ đợi.', FALSE, NOW(), NOW()),
('f3a4b5c6-d7e8-4a04-9b1c-3d4e5f6a7b8c', 'Bác sĩ Nội khoa từ xa', 'https://res.cloudinary.com/dzrqvdk6r/image/upload/v1727684530/BookingCare/Image/Specific-Medical-Service/noi-khoa-tu-xa.png', 'bac-si-noi-khoa-tu-xa-s6', NULL, FALSE, NOW(), NOW()),
('a4b5c6d7-e8f9-4a15-9c1d-3e4f5a6b7c8d', 'Bác sĩ Sản phụ khoa từ xa', 'https://res.cloudinary.com/dzrqvdk6r/image/upload/v1727684530/BookingCare/Image/Specific-Medical-Service/san-phu-khoa-tu-xa.png', 'bac-si-san-phu-khoa-tu-xa-s7', NULL, FALSE, NOW(), NOW()),
('b4c5d6e7-f9a0-4a26-9d1e-3f4a5b6c7d8e', 'Bác sĩ Tim mạch từ xa', 'https://res.cloudinary.com/dzrqvdk6r/image/upload/v1727684531/BookingCare/Image/Specific-Medical-Service/tim-mach-tu-xa.png', 'bac-si-tim-mach-tu-xa-s8', '**TƯ VẤN KHÁM CHỮA BỆNH TỪ XA**\n\nĐể đáp ứng nhu cầu chăm sóc sức khỏe Hậu COVID-19, BookingCare triển khai dịch vụ tư vấn khám chữa bệnh từ xa thông qua cuộc gọi Video.\n\n**Bác sĩ chuyên khoa Tim mạch khám từ xa**\n\n*   Chăm sóc sức khỏe ban đầu\n*   Chẩn đoán định hướng bệnh\n*   Định hướng phương pháp điều trị\n*   Tư vấn sử dụng thuốc\n*   Tư vấn xét nghiệm, chụp chiếu\n*   Người gặp các bệnh mãn tính\n*   Bệnh nhân cũ cần tái khám với bác sĩ từ xa\n\n**Các bệnh chuyên khoa Tim mạch**\n\n*   Các  bệnh lý, triệu chứng về chuyên khoa Tim mạch\n*   Đau tức ngực\n*   Nghẹt ngực\n*   Khó thở\n*   Phù, đau tức thượng vị\n*   Nhịp tim nhanh, nhịp tim không đều, ngất, choáng\n\n**Lợi ích khám tư vấn từ xa**\n\n*   Qui trình, thao tác đơn giản, nhanh gọn\n*   Đội ngũ bác sĩ chuyên khoa giàu kinh nghiệm và trách nhiệm cao\n*   Khám, tư vấn và điều trị hiệu quả chuyên sâu\n*   Kết nối mạng lưới nhiều Bệnh viện, phòng khám chuyên khoa sâu, rộng\n*   Tiện lợi, nhanh chóng, bệnh nhân tại nhà gặp bác sĩ từ xa.\n*   An toàn mùa Covid-19 cho bệnh nhân và gia đình\n*   Tiết kiệm chi phí, giảm tàu xe, ăn ở, thời gian chờ đợi.', FALSE, NOW(), NOW()),
('c4d5e6f7-a0b1-4a37-9e1f-3a4b5c6d7e8f', 'Bác sĩ Nhi từ xa', 'https://res.cloudinary.com/dzrqvdk6r/image/upload/v1727684529/BookingCare/Image/Specific-Medical-Service/nhi-khoa-tu-xa.png', 'bac-si-nhi-tu-xa-s9', NULL, FALSE, NOW(), NOW()),
('d4e5f6a7-b0c1-4a48-9f1a-3b4c5d6e7f8a', 'Bác sĩ Tai-Mũi-Họng từ xa', 'https://res.cloudinary.com/dzrqvdk6r/image/upload/v1727684530/BookingCare/Image/Specific-Medical-Service/tai-mui-hong-tu-xa.png', 'bac-si-tai-mui-hong-tu-xa-s10', '**TƯ VẤN KHÁM CHỮA BỆNH TỪ XA**\n\nĐể đáp ứng nhu cầu chăm sóc sức khỏe Hậu COVID-19, BookingCare triển khai dịch vụ tư vấn khám chữa bệnh từ xa thông qua cuộc gọi Video.\n\n**Bác sĩ chuyên khoa Tai Mũi Họng khám từ xa**\n\n*   Chăm sóc sức khỏe ban đầu  \n    \n*   Chẩn đoán định hướng bệnh\n*   Định hướng phương pháp điều trị\n*   Tư vấn sử dụng thuốc\n*   Tư vấn xét nghiệm, chụp chiếu\n*   Người gặp các bệnh mãn tính\n*   Bệnh nhân cũ cần tái khám với bác sĩ từ xa\n\n**Các bệnh chuyên khoa Tai Mũi Họng**\n\n**Các bệnh về tai**\n\n*   Ù tai, nghe kém, điếc đột ngột\n*   Chẩy mủ tai, viêm tai giữa cấp, mạn.\n*   Phát hiện sớm và điều trị viêm tai giữa màng nhĩ đóng kín, không chẩy mủ ra ngoài...\n\n**Các bệnh mũi xoang**\n\n*   Viêm mũi xoang dị ứng, viêm mũi vận mạch; Viêm mũi ngạt tắc mũi mạn tính\n*   Viêm đa xoang mạn lâu ngày khó khỏi, polyp mũi xoang\n*   Đau đầu mạn tính do mũi xoang…\n\n**Các bệnh về họng thanh quản**\n\n*   Viêm mũi họng mạn tính\n*   Viêm tai thanh dịch; Viêm tai giữa cấp\n*   Viêm thanh khí phế quản; Viêm amiđan cấp, mạn...\n\n**Lợi ích khám tư vấn từ xa**\n\n*   Qui trình, thao tác đơn giản, nhanh gọn  \n    \n*   Đội ngũ bác sĩ chuyên khoa giàu kinh nghiệm và trách nhiệm cao\n*   Khám, tư vấn và điều trị hiệu quả chuyên sâu\n*   Kết nối mạng lưới nhiều Bệnh viện, phòng khám chuyên khoa sâu, rộng\n*   Tiện lợi, nhanh chóng, bệnh nhân tại nhà gặp bác sĩ từ xa.\n*   An toàn mùa Covid-19 cho bệnh nhân và gia đình\n*   Tiết kiệm chi phí, giảm tàu xe, ăn ở, thời gian chờ đợi.', FALSE, NOW(), NOW()),
('e4f5a6b7-c0d1-4a59-9a1b-3c4d5e6f7a8b', 'Bác sĩ Thần kinh từ xa', 'https://res.cloudinary.com/dzrqvdk6r/image/upload/v1727684530/BookingCare/Image/Specific-Medical-Service/than-kinh-tu-xa.png', 'bac-si-than-kinh-tu-xa-s11', '**TƯ VẤN KHÁM CHỮA BỆNH TỪ XA**\n\nĐể đáp ứng nhu cầu chăm sóc sức khỏe Hậu COVID-19, BookingCare triển khai dịch vụ tư vấn khám chữa bệnh từ xa thông qua cuộc gọi Video.\n\n**Bác sĩ chuyên khoa Thần Kinh khám từ xa**\n\n*   Chăm sóc sức khỏe ban đầu\n*   Chẩn đoán định hướng bệnh\n*   Định hướng phương pháp điều trị\n*   Tư vấn sử dụng thuốc\n*   Tư vấn xét nghiệm, chụp chiếu\n*   Người gặp các bệnh mãn tính\n*   Bệnh nhân cũ cần tái khám với bác sĩ từ xa\n\n**Các bệnh chuyên khoa Thần kinh**\n\n*   Đau đầu, đau nửa đầu, đau nhức đầu, đau đầu mãn tính\n*   Suy nhược thần kinh\n*   Rối loạn thần kinh thực vật: mệt mỏi, hồi hộp, vã mồ hôi, tụt huyết áp\n*   Chóng mặt, ù tai do hội chứng tiền đình\n*   Vận động tay chân khó khăn, không chính xác\n*   Run các chi, run toàn thân; Sa sút trí tuệ \n*   Cơn thiếu máu não thoảng qua; Rối loạn giấc ngủ...\n\n**Lợi ích khám tư vấn từ xa**\n\n*   Qui trình, thao tác đơn giản, nhanh gọn\n*   Đội ngũ bác sĩ chuyên khoa giàu kinh nghiệm và trách nhiệm cao\n*   Khám, tư vấn và điều trị hiệu quả chuyên sâu\n*   Kết nối mạng lưới nhiều Bệnh viện, phòng khám chuyên khoa sâu, rộng\n*   An toàn mùa Covid-19 cho bệnh nhân và gia đình  \n    \n*   Tiết kiệm chi phí, giảm tàu xe, ăn ở, thời gian chờ đợi.', FALSE, NOW(), NOW()),
('f4a5b6c7-d0e1-4a6a-9b1c-3d4e5f6a7b8c', 'Bác sĩ tư vấn F0', 'https://res.cloudinary.com/dzrqvdk6r/image/upload/v1727684531/BookingCare/Image/Specific-Medical-Service/tu-van-f0-tu-xa.png', 'bac-si-tu-van-f0-s12', NULL, FALSE, NOW(), NOW()),
('a5b6c7d8-e1f2-4a7b-9c1d-3e4f5a6b7c8d', 'Sức khỏe tâm thần', 'https://res.cloudinary.com/dzrqvdk6r/image/upload/v1727684528/BookingCare/Image/Specific-Medical-Service/suc-khoe-tam-than.png', 'suc-khoe-tam-than-s14', '**Bác sĩ về Sức khỏe Tâm thần giỏi**\n\n**Danh sách các giáo sư, bác sĩ chuyên khoa Sức khỏe tâm thần giỏi:**\n\n*   Các giáo sư, bác sĩ uy tín đầu ngành chuyên khoa Sức khỏe tâm thần đã và đang công tác tại các bệnh viện lớn như: Bệnh viện Tâm thần Trung ương, Bệnh viện Chợ Rẫy, Bệnh viện Lão khoa...\n*   Được nhà nước công nhận các danh hiệu Thầy thuốc nhân dân, thầy thuốc ưu tú, bác sĩ cao cấp.\n\n**Bác sĩ khám -Tư vấn - Điều trị**\n\n*   Mất ngủ, Rối loạn giấc ngủ  \n    \n*   Trầm cảm, Căng thẳng, stress\n*   Tâm thần phân liệt, Bệnh hoang tưởng\n*   Rối loạn cảm xúc , Rối loạn căng thẳng sau chấn thương tâm lý \n*   Rối loạn lo âu, Rối loạn lưỡng cực, Rối loạn nhân cách\n*   Tư vấn và tạo điều kiện cho bệnh nhân tái thích ứng xã hội\n\n**Một số triệu chứng, biểu hiện**\n\n*   Ảo giác, Hoang tưởng, Nói cười một mình\n*   Bi quan, Bồn chồn, Buồn rầu, Hoảng hốt\n*   Khó tập trung tâm trí, Nhầm lẫn tư duy\n*   Lo âu, Lo lắng\n*   Rối loạn giấc ngủ\n*   Sợ hãi, Sợ một mình, Sợ nơi đông người\n*   Xa lánh mọi người, Ý nghĩ kì lạ', FALSE, NOW(), NOW()),
('b5c6d7e8-f1a2-4a8c-9d1e-3f4a5b6c7d8e', 'Tư vấn, trị liệu Tâm lý', 'https://res.cloudinary.com/dzrqvdk6r/image/upload/v1727684528/BookingCare/Image/Specific-Medical-Service/tu-van-tam-ly.png', 'tu-van-tri-lieu-tam-ly-s14', '**Chuyên gia tư vấn Tâm lý giỏi**\n\n*   Chuyên gia được đào tạo bài bản về chuyên ngành Tâm lý tại các trường đại học trong nước và quốc tế.\n*   Nhà Tâm lý học là những người có nhiều kinh nghiệm trong lĩnh vực tâm lý, chăm sóc sức khỏe tinh thần.\n*   Các nhà chuyên môn nghiên cứu, tư vấn và trị liệu theo các phương pháp tiếp cận mới, hiệu quả.\n*   Lắng nghe và thấu hiểu khách hàng để giúp họ vượt qua khó khăn của bản thân.\n\n**Tư vấn và trị liệu  \n**\n\n*   Khó khăn, rối nhiễu tâm lý\n*   Phát triển cá nhân\n*   Mâu thuẫn, lạm dụng và tổn thương tâm lý\n*   Tái hòa nhập xã hội\n*   Vấn đề khuyết tật và nhóm yếu thế\n*   Những vấn đề của vị thành niên\n*   Giới tính và tình dục\n*   Những vấn đề trong mối quan hệ gia đình', FALSE, NOW(), NOW()),
('c5d6e7f8-a1b2-4a9d-9e1f-3a4b5c6d7e8f', 'Phẫu thuật Nam học', 'https://res.cloudinary.com/dzrqvdk6r/image/upload/v1727684529/BookingCare/Image/Specific-Medical-Service/phau-thuat-nam-hoc.png', 'phau-thuat-nam-hoc-s15', '**Ưu điểm khi lựa chọn Gói phẫu thuật qua BookingCare**\n\n*   **Chọn Bác sĩ Chuyên khoa Nam học** khám, tư vấn, tiến hành phẫu thuật theo yêu cầu. Đội ngũ bác sĩ đến từ các bệnh viện như Bệnh viện Việt Đức, Bệnh viện Nam học Hiếm muộn Hà Nội, Bệnh viện Nam học Hiếm muộn Việt Bỉ...\n*   **Chọn cơ sở y tế thực hiện phẫu thuật uy tín** tại Hà Nội, danh sách cơ sở y tế được BookingCare cung cấp đều là các địa chỉ uy tín, đảm bảo vệ sinh và thủ tục nhanh gọn.\n*   **Hẹn lịch phẫu thuật:** Được sắp xếp và hẹn lịch phẫu thuật, tránh tình trạng phải chờ lịch phẫu thuật quá lâu.\n*   **Đa dạng phương pháp phẫu thuật:** đảm bảo vô khuẩn tuyệt đối, dụng cụ chỉ sử dụng 1 lần.\n*   **Phẫu thuật không gây đau đớn, thực hiện nhanh chóng,** có thể ra về ngay trong ngày.\n*   **Tạo hình thẩm mỹ gọn gàng:** vết cắt nhỏ, láng mịn, không để lại sẹo hay bất cứ dấu vết nào cho thấy bạn đã từng can thiệp.\n*   **️Thời gian phục hồi:** Phục hồi sau 7-10 ngày, sau 1 tháng có thể quan hệ bình thường.\n*   **️Ưu điểm:** Giảm nguy cơ viêm nhiễm, ung thư, kéo dài thời gian quan hệ.', FALSE, NOW(), NOW()),
('d5e6f7a8-b1c2-4aae-9f1a-3b4c5d6e7f8a', 'Phẫu thuật Thận - Tiết niệu', 'https://res.cloudinary.com/dzrqvdk6r/image/upload/v1727684529/BookingCare/Image/Specific-Medical-Service/phau-thuat-than-tiet-nieu.png', 'phau-thuat-than-tiet-nieu-s16', 'Nhu cầu thăm khám, điều trị, phẫu thuật với bác sĩ giỏi, đơn vị uy tín với dịch vụ trọn gói ngày càng cao, với mong muốn mang đến cho người bệnh và gia đình dịch vụ trọn gói chọn bác sĩ, chọn cơ sở y tế phẫu thuật theo yêu cầu chất lượng cao, BookingCare ra mắt gói dịch vụ chọn bác sĩ, chọn cơ sở y tế phẫu thuật trọn gói theo yêu cầu tại Hà Nội & Tp. Hồ Chí Minh.\n\n*   Chọn bác sĩ chuyên khoa khám, tư vấn trước khi phẫu thuật\n*   Được hướng dẫn làm các xét nghiệm, chụp chiếu, hoàn thiện hồ sơ\n*   Chọn bác sĩ tiến hành phẫu thuật theo yêu cầu \n*   Chọn cơ sở y tế uy tín tại Hà Nội hoặc Tp. Hồ Chí Minh để tiến hành \n*   Thông tin chi phí gói dịch vụ & mức Bảo hiểm Y tế áp dụng\n*   Bệnh nhân theo dõi điều trị sau phẫu thuật trực tiếp và từ xa qua Video Call', FALSE, NOW(), NOW()),
('e5f6a7b8-c1d2-4abf-9a1b-3c4d5e6f7a8b', 'Phẫu thuật Tai - Mũi - Họng', 'https://res.cloudinary.com/dzrqvdk6r/image/upload/v1727684529/BookingCare/Image/Specific-Medical-Service/phau-thuat-tai-mui-hong.png', 'phau-thuat-tai--mui-hong-s17', 'Nhu cầu thăm khám, điều trị, phẫu thuật với bác sĩ giỏi, đơn vị uy tín với dịch vụ trọn gói ngày càng cao, với mong muốn mang đến cho người bệnh và gia đình dịch vụ trọn gói chọn bác sĩ, chọn cơ sở y tế phẫu thuật theo yêu cầu chất lượng cao, BookingCare ra mắt gói dịch vụ chọn bác sĩ, chọn cơ sở y tế phẫu thuật trọn gói theo yêu cầu tại Hà Nội & Tp. Hồ Chí Minh.\n\n**Gói dịch vụ cắt Amidan**\n\n*   **Phương pháp phẫu thuật:** Cắt Amidan bằng công nghệ Plasma\n*   **Chi phí trọn gói:** Cắt Amidan bằng công nghệ Plasma: 15-25 triệu (tùy theo cơ sở y tế)\n\n**Nạo VA**\n\nChi phí một ca nạo VA dao động từ 9 – 15 triệu đồng/lần bằng phương pháp Plasma\n\nChi phí tùy theo phương pháp, dụng cụ nạo VA, bao gồm:\n\n*    Chi phí thăm khám\n*   Xét nghiệm trước phẫu thuật\n*   Thuốc dùng trong phẫu thuật\n*   Chi phí phẫu thuật\n*   Giường nằm sau phẫu thuật.\n*   Ghi chú: Chi phí trên chỉ tham khảo, để có mức giá cụ thể vui lòng liên hệ.', FALSE, NOW(), NOW()),
('f5a6b7c8-d1e2-4ac0-9b1c-3d4e5f6a7b8c', 'Phẫu thuật Hậu môn - Trực tràng', 'https://res.cloudinary.com/dzrqvdk6r/image/upload/v1727684530/BookingCare/Image/Specific-Medical-Service/phau-thuat-hau-mon-truc-trang.png', 'phau-thuat-hau-mon-truc-trang-s18', 'Nhu cầu thăm khám, điều trị, phẫu thuật với bác sĩ giỏi, đơn vị uy tín với dịch vụ trọn gói ngày càng cao, với mong muốn mang đến cho người bệnh và gia đình dịch vụ trọn gói chọn bác sĩ, chọn cơ sở y tế phẫu thuật theo yêu cầu chất lượng cao, BookingCare ra mắt gói dịch vụ chọn bác sĩ, chọn cơ sở y tế phẫu thuật trọn gói theo yêu cầu tại Hà Nội & Tp. Hồ Chí Minh.\n\n*   Chọn bác sĩ chuyên khoa khám, tư vấn trước khi phẫu thuật\n*   Được hướng dẫn làm các xét nghiệm, chụp chiếu, hoàn thiện hồ sơ\n*   Chọn bác sĩ tiến hành phẫu thuật theo yêu cầu \n*   Chọn cơ sở y tế uy tín tại Hà Nội hoặc Tp. Hồ Chí Minh để tiến hành \n*   Thông tin chi phí gói dịch vụ & mức Bảo hiểm Y tế áp dụng\n*   Bệnh nhân theo dõi điều trị sau phẫu thuật trực tiếp và từ xa qua Video Call', FALSE, NOW(), NOW()),
('a6b7c8d9-e2f3-4ad1-9c1d-3e4f5a6b7c8d', 'Phẫu thuật mắt', 'https://res.cloudinary.com/dzrqvdk6r/image/upload/v1727684529/BookingCare/Image/Specific-Medical-Service/phau-thuat-mat.png', 'phau-thuat-mat-s19', 'Nhu cầu thăm khám, điều trị, phẫu thuật với bác sĩ giỏi, đơn vị uy tín với dịch vụ trọn gói ngày càng cao, với mong muốn mang đến cho người bệnh và gia đình dịch vụ trọn gói chọn bác sĩ, chọn cơ sở y tế phẫu thuật theo yêu cầu chất lượng cao, BookingCare ra mắt gói dịch vụ chọn bác sĩ, chọn cơ sở y tế phẫu thuật trọn gói theo yêu cầu tại Hà Nội & Tp. Hồ Chí Minh.\n\n*   Chọn bác sĩ chuyên khoa khám, tư vấn trước khi phẫu thuật\n*   Được hướng dẫn làm các xét nghiệm, chụp chiếu, hoàn thiện hồ sơ\n*   Chọn bác sĩ tiến hành phẫu thuật theo yêu cầu \n*   Chọn cơ sở y tế uy tín tại Hà Nội hoặc Tp. Hồ Chí Minh để tiến hành \n*   Thông tin chi phí gói dịch vụ & mức Bảo hiểm Y tế áp dụng\n*   Bệnh nhân theo dõi điều trị sau phẫu thuật trực tiếp và từ xa qua Video Call', FALSE, NOW(), NOW()),
('b6c7d8e9-f2a3-4ae2-9d1e-3f4a5b6c7d8e', 'Thủ thuật Suy giãn tĩnh mạch', 'https://res.cloudinary.com/dzrqvdk6r/image/upload/v1727684528/BookingCare/Image/Specific-Medical-Service/thu-thuat-suy-gian-tinh-mach.png', 'thu-thuat-suy-gian-tinh-mach-s20', 'Suy giãn tĩnh mạch là một vấn đề y tế phổ biến ảnh hưởng đến hàng triệu người trên khắp thế giới. Đây là tình trạng mà các tĩnh mạch bị giãn nở, trở nên mất tính đàn hồi và không thể truyền máu hiệu quả từ các chi đến tim. Nếu để suy giãn tĩnh mạch không được chăm sóc và điều trị kịp thời, tình trạng này có thể tiến triển nặng hơn, gây khó khăn trong việc di chuyển và ảnh hưởng xấu đến chất lượng cuộc sống.\n\nHiện nay đã có nhiều giải pháp điều trị hiện đại và hiệu quả cho suy giãn tĩnh mạch. Nếu bạn đang tìm kiếm 1 thủ thuật tĩnh mạch, có thể tham khảo các dịch vụ bên dưới mà BookingCare đề xuất.', FALSE, NOW(), NOW()),
('c6d7e8f9-a2b3-4af3-9e1f-3a4b5c6d7e8f', 'Bài test sức khỏe', 'https://res.cloudinary.com/dzrqvdk6r/image/upload/v1728368977/BookingCare/Image/Specific-Medical-Service/bai-test-suc-khoe.jpg', 'bai-test-s21', NULL, FALSE, NOW(), NOW()),
('d6e7f8a9-b2c3-4b04-9f1a-3b4c5d6e7f8a', 'Cơ bản', 'https://res.cloudinary.com/dzrqvdk6r/image/upload/v1736586535/BookingCare/Image/Specific-Medical-Service/co-ban.png', 'co-ban-s22', 'Khám sức khỏe tổng quát định kỳ là biện pháp hữu hiệu giúp tầm soát những bệnh nguy hiểm từ giai đoạn sớm và tư vấn phòng chống những căn bệnh thường gặp, giúp bảo vệ sức khỏe và nâng cao chất lượng sống đồng thời nhìn lại sức khỏe bản thân, tránh được các lo lắng về sức khỏe.﻿\n\nTheo khuyến cáo của Tổ chức Y tế thế giới, người từ 18 tuổi trở lên cần được khám sức khỏe định kỳ 6 tháng/ lần hoặc 1 năm/ lần nhằm phát hiện và điều trị sớm các bệnh lý đang trong giai đoạn tiềm ẩn, qua đó có thể chẩn đoán các nguy cơ tiềm ẩn của nhiều bệnh nguy hiểm về tim mạch, rối loạn chức năng hô hấp, ung thư phổi, dạ dày, vòm họng hay các bệnh viêm gan siêu vi…\n\nKhám sức khỏe định kỳ có ý nghĩa đặc biệt quan trọng trong việc phát hiện các bệnh ung thư - căn bệnh hầu như không có triệu chứng ở giai đoạn khởi phát.', FALSE, NOW(), NOW()),
('e6f7a8b9-c2d3-4b15-9a1b-3c4d5e6f7a8b', 'Gói khám VIP', 'https://res.cloudinary.com/dzrqvdk6r/image/upload/v1736586534/BookingCare/Image/Specific-Medical-Service/goi-kham-vip.png', 'goi-kham-vip-s23', '**Nhận thấy tầm quan trọng của việc bảo vệ sức khỏe, gói khám sức khỏe VIP được thiết kế để đáp ứng những yêu cầu cao cấp của khách hàng.**\n\n**Với mong muốn mang tới cho người thăm khám trải nghiệm chăm sóc sức khỏe đẳng cấp và toàn diện, Gói khám sức khỏe VIP cấp một loạt các tiện ích và lợi ích độc đáo. Các gói khám VIP được cung cấp bởi các cơ sở y tế lớn, uy tín với đội ngũ y tế chuyên nghiệp, trang thiết bị hiện đại.**\n\n**Sử dụng gói khám sức khỏe VIP sẽ giúp bạn đánh giá toàn diện về sức khỏe của mình và nhận được những khuyến nghị cụ thể để cải thiện sức khỏe và chất lượng cuộc sống.**', FALSE, NOW(), NOW()),
('f6a7b8c9-d2e3-4b26-9b1c-3d4e5f6a7b8c', 'Nâng cao', 'https://res.cloudinary.com/dzrqvdk6r/image/upload/v1736586533/BookingCare/Image/Specific-Medical-Service/tong-quat-nang-cao.png', 'nang-cao-s24', 'Khám sức khỏe tổng quát định kỳ là biện pháp hữu hiệu giúp tầm soát những bệnh nguy hiểm từ giai đoạn sớm và tư vấn phòng chống những căn bệnh thường gặp, giúp bảo vệ sức khỏe và nâng cao chất lượng sống đồng thời nhìn lại sức khỏe bản thân, tránh được các lo lắng về sức khỏe.﻿\n\nTheo khuyến cáo của Tổ chức Y tế thế giới, người từ 18 tuổi trở lên cần được khám sức khỏe định kỳ 6 tháng/ lần hoặc 1 năm/ lần nhằm phát hiện và điều trị sớm các bệnh lý đang trong giai đoạn tiềm ẩn, qua đó có thể chẩn đoán các nguy cơ tiềm ẩn của nhiều bệnh nguy hiểm về tim mạch, rối loạn chức năng hô hấp, ung thư phổi, dạ dày, vòm họng hay các bệnh viêm gan siêu vi…\n\nKhám sức khỏe định kỳ có ý nghĩa đặc biệt quan trọng trong việc phát hiện các bệnh ung thư - căn bệnh hầu như không có triệu chứng ở giai đoạn khởi phát.', FALSE, NOW(), NOW()),
('a7b8c9da-e3f4-4b37-9c1d-3e4f5a6b7c8d', 'Nam', 'https://res.cloudinary.com/dzrqvdk6r/image/upload/v1736586534/BookingCare/Image/Specific-Medical-Service/nam.png', 'nam-s25', 'Khám sức khỏe tổng quát định kỳ là biện pháp hữu hiệu giúp tầm soát những bệnh nguy hiểm từ giai đoạn sớm và tư vấn phòng chống những căn bệnh thường gặp, giúp bảo vệ sức khỏe và nâng cao chất lượng sống đồng thời nhìn lại sức khỏe bản thân, tránh được các lo lắng về sức khỏe.﻿\n\nTheo khuyến cáo của Tổ chức Y tế thế giới, người từ 18 tuổi trở lên cần được khám sức khỏe định kỳ 6 tháng/ lần hoặc 1 năm/ lần nhằm phát hiện và điều trị sớm các bệnh lý đang trong giai đoạn tiềm ẩn, qua đó có thể chẩn đoán các nguy cơ tiềm ẩn của nhiều bệnh nguy hiểm về tim mạch, rối loạn chức năng hô hấp, ung thư phổi, dạ dày, vòm họng hay các bệnh viêm gan siêu vi…\n\nKhám sức khỏe định kỳ có ý nghĩa đặc biệt quan trọng trong việc phát hiện các bệnh ung thư - căn bệnh hầu như không có triệu chứng ở giai đoạn khởi phát.', FALSE, NOW(), NOW()),
('b7c8d9ea-f3a4-4b48-9d1e-3f4a5b6c7d8e', 'Nữ', 'https://res.cloudinary.com/dzrqvdk6r/image/upload/v1736586538/BookingCare/Image/Specific-Medical-Service/nu.png', 'nu-s26', 'Khám sức khỏe tổng quát định kỳ là biện pháp hữu hiệu giúp tầm soát những bệnh nguy hiểm từ giai đoạn sớm và tư vấn phòng chống những căn bệnh thường gặp, giúp bảo vệ sức khỏe và nâng cao chất lượng sống đồng thời nhìn lại sức khỏe bản thân, tránh được các lo lắng về sức khỏe.﻿\n\nTheo khuyến cáo của Tổ chức Y tế thế giới, người từ 18 tuổi trở lên cần được khám sức khỏe định kỳ 6 tháng/ lần hoặc 1 năm/ lần nhằm phát hiện và điều trị sớm các bệnh lý đang trong giai đoạn tiềm ẩn, qua đó có thể chẩn đoán các nguy cơ tiềm ẩn của nhiều bệnh nguy hiểm về tim mạch, rối loạn chức năng hô hấp, ung thư phổi, dạ dày, vòm họng hay các bệnh viêm gan siêu vi…\n\nKhám sức khỏe định kỳ có ý nghĩa đặc biệt quan trọng trong việc phát hiện các bệnh ung thư - căn bệnh hầu như không có triệu chứng ở giai đoạn khởi phát.', FALSE, NOW(), NOW()),
('c7d8e9fa-a3b4-4b59-9e1f-3a4b5c6d7e8f', 'Trẻ em', 'https://res.cloudinary.com/dzrqvdk6r/image/upload/v1736586542/BookingCare/Image/Specific-Medical-Service/tre-em.png', 'tre-em-s27', '**Khám sức khỏe tổng quát định kỳ là biện pháp hữu hiệu giúp tầm soát những bệnh nguy hiểm từ giai đoạn sớm và tư vấn phòng chống những căn bệnh thường gặp, giúp bảo vệ sức khỏe và nâng cao chất lượng sống đồng thời nhìn lại sức khỏe bản thân, tránh được các lo lắng về sức khỏe.**﻿\n\n**Theo khuyến cáo của Tổ chức Y tế thế giới, người từ 18 tuổi trở lên cần được khám sức khỏe định kỳ 6 tháng/ lần hoặc 1 năm/ lần nhằm phát hiện và điều trị sớm các bệnh lý đang trong giai đoạn tiềm ẩn, qua đó có thể chẩn đoán các nguy cơ tiềm ẩn của nhiều bệnh nguy hiểm về tim mạch, rối loạn chức năng hô hấp, ung thư phổi, dạ dày, vòm họng hay các bệnh viêm gan siêu vi…**\n\n**Khám sức khỏe định kỳ có ý nghĩa đặc biệt quan trọng trong việc phát hiện các bệnh ung thư - căn bệnh hầu như không có triệu chứng ở giai đoạn khởi phát.**', FALSE, NOW(), NOW()),
('d7e8f9ab-b3c4-4b6a-9f1a-3b4c5d6e7f8a', 'Người già', 'https://res.cloudinary.com/dzrqvdk6r/image/upload/v1736586542/BookingCare/Image/Specific-Medical-Service/nguoi-gia.png', 'nguoi-gia-s28', 'Khám sức khỏe tổng quát định kỳ là biện pháp hữu hiệu giúp tầm soát những bệnh nguy hiểm từ giai đoạn sớm và tư vấn phòng chống những căn bệnh thường gặp, giúp bảo vệ sức khỏe và nâng cao chất lượng sống đồng thời nhìn lại sức khỏe bản thân, tránh được các lo lắng về sức khỏe.﻿\n\nTheo khuyến cáo của Tổ chức Y tế thế giới, người từ 18 tuổi trở lên cần được khám sức khỏe định kỳ 6 tháng/ lần hoặc 1 năm/ lần nhằm phát hiện và điều trị sớm các bệnh lý đang trong giai đoạn tiềm ẩn, qua đó có thể chẩn đoán các nguy cơ tiềm ẩn của nhiều bệnh nguy hiểm về tim mạch, rối loạn chức năng hô hấp, ung thư phổi, dạ dày, vòm họng hay các bệnh viêm gan siêu vi…\n\nKhám sức khỏe định kỳ có ý nghĩa đặc biệt quan trọng trong việc phát hiện các bệnh ung thư - căn bệnh hầu như không có triệu chứng ở giai đoạn khởi phát.', FALSE, NOW(), NOW()),
('e7f8a9bb-c3d4-4b7b-9a1b-3c4d5e6f7a8b', 'Tiền hôn nhân', 'https://res.cloudinary.com/dzrqvdk6r/image/upload/v1736586542/BookingCare/Image/Specific-Medical-Service/tien-hon-nhan.png', 'tien-hon-nhan-s29', 'Khám sức khỏe tổng quát định kỳ là biện pháp hữu hiệu giúp tầm soát những bệnh nguy hiểm từ giai đoạn sớm và tư vấn phòng chống những căn bệnh thường gặp, giúp bảo vệ sức khỏe và nâng cao chất lượng sống đồng thời nhìn lại sức khỏe bản thân, tránh được các lo lắng về sức khỏe.﻿\n\nTheo khuyến cáo của Tổ chức Y tế thế giới, người từ 18 tuổi trở lên cần được khám sức khỏe định kỳ 6 tháng/ lần hoặc 1 năm/ lần nhằm phát hiện và điều trị sớm các bệnh lý đang trong giai đoạn tiềm ẩn, qua đó có thể chẩn đoán các nguy cơ tiềm ẩn của nhiều bệnh nguy hiểm về tim mạch, rối loạn chức năng hô hấp, ung thư phổi, dạ dày, vòm họng hay các bệnh viêm gan siêu vi…\n\nKhám sức khỏe định kỳ có ý nghĩa đặc biệt quan trọng trong việc phát hiện các bệnh ung thư - căn bệnh hầu như không có triệu chứng ở giai đoạn khởi phát.', FALSE, NOW(), NOW()),
('f7a8b9cb-d3e4-4b8c-9b1c-3d4e5f6a7b8c', 'Tầm soát ung thư', 'https://res.cloudinary.com/dzrqvdk6r/image/upload/v1736586536/BookingCare/Image/Specific-Medical-Service/tam-soat-ung-thu.png', 'tam-soat-ung-thu-s30', 'Khám sức khỏe tổng quát định kỳ là biện pháp hữu hiệu giúp tầm soát những bệnh nguy hiểm từ giai đoạn sớm và tư vấn phòng chống những căn bệnh thường gặp, giúp bảo vệ sức khỏe và nâng cao chất lượng sống đồng thời nhìn lại sức khỏe bản thân, tránh được các lo lắng về sức khỏe.﻿\n\nTheo khuyến cáo của Tổ chức Y tế thế giới, người từ 18 tuổi trở lên cần được khám sức khỏe định kỳ 6 tháng/ lần hoặc 1 năm/ lần nhằm phát hiện và điều trị sớm các bệnh lý đang trong giai đoạn tiềm ẩn, qua đó có thể chẩn đoán các nguy cơ tiềm ẩn của nhiều bệnh nguy hiểm về tim mạch, rối loạn chức năng hô hấp, ung thư phổi, dạ dày, vòm họng hay các bệnh viêm gan siêu vi…\n\nKhám sức khỏe định kỳ có ý nghĩa đặc biệt quan trọng trong việc phát hiện các bệnh ung thư - căn bệnh hầu như không có triệu chứng ở giai đoạn khởi phát.', FALSE, NOW(), NOW()),
('a8b9cadb-e4f5-4b9d-9c1d-3e4f5a6b7c8d', 'Tầm soát ung thư vú', 'https://res.cloudinary.com/dzrqvdk6r/image/upload/v1736586540/BookingCare/Image/Specific-Medical-Service/tam-soat-ung-thu-vu.png', 'tam-soat-ung-thu-vu-s31', 'Khám sức khỏe tổng quát định kỳ là biện pháp hữu hiệu giúp tầm soát những bệnh nguy hiểm từ giai đoạn sớm và tư vấn phòng chống những căn bệnh thường gặp, giúp bảo vệ sức khỏe và nâng cao chất lượng sống đồng thời nhìn lại sức khỏe bản thân, tránh được các lo lắng về sức khỏe.﻿\n\nTheo khuyến cáo của Tổ chức Y tế thế giới, người từ 18 tuổi trở lên cần được khám sức khỏe định kỳ 6 tháng/ lần hoặc 1 năm/ lần nhằm phát hiện và điều trị sớm các bệnh lý đang trong giai đoạn tiềm ẩn, qua đó có thể chẩn đoán các nguy cơ tiềm ẩn của nhiều bệnh nguy hiểm về tim mạch, rối loạn chức năng hô hấp, ung thư phổi, dạ dày, vòm họng hay các bệnh viêm gan siêu vi…\n\nKhám sức khỏe định kỳ có ý nghĩa đặc biệt quan trọng trong việc phát hiện các bệnh ung thư - căn bệnh hầu như không có triệu chứng ở giai đoạn khởi phát.', FALSE, NOW(), NOW()),
('b8c9dbeb-f4a5-4bae-9d1e-3f4a5b6c7d8e', 'Tầm soát tiêu hóa', 'https://res.cloudinary.com/dzrqvdk6r/image/upload/v1736586536/BookingCare/Image/Specific-Medical-Service/tam-soat-tieu-hoa.png', 'tam-soat-tieu-hoa-s32', 'Khám sức khỏe tổng quát định kỳ là biện pháp hữu hiệu giúp tầm soát những bệnh nguy hiểm từ giai đoạn sớm và tư vấn phòng chống những căn bệnh thường gặp, giúp bảo vệ sức khỏe và nâng cao chất lượng sống đồng thời nhìn lại sức khỏe bản thân, tránh được các lo lắng về sức khỏe.﻿\n\nTheo khuyến cáo của Tổ chức Y tế thế giới, người từ 18 tuổi trở lên cần được khám sức khỏe định kỳ 6 tháng/ lần hoặc 1 năm/ lần nhằm phát hiện và điều trị sớm các bệnh lý đang trong giai đoạn tiềm ẩn, qua đó có thể chẩn đoán các nguy cơ tiềm ẩn của nhiều bệnh nguy hiểm về tim mạch, rối loạn chức năng hô hấp, ung thư phổi, dạ dày, vòm họng hay các bệnh viêm gan siêu vi…\n\nKhám sức khỏe định kỳ có ý nghĩa đặc biệt quan trọng trong việc phát hiện các bệnh ung thư - căn bệnh hầu như không có triệu chứng ở giai đoạn khởi phát.', FALSE, NOW(), NOW()),
('c8d9ecfb-a4b5-4bbf-9e1f-3a4b5c6d7e8f', 'Bệnh lý chung', 'https://res.cloudinary.com/dzrqvdk6r/image/upload/v1736586535/BookingCare/Image/Specific-Medical-Service/benh-ly-chung.png', 'benh-ly-chung-s33', 'Khám sức khỏe tổng quát định kỳ là biện pháp hữu hiệu giúp tầm soát những bệnh nguy hiểm từ giai đoạn sớm và tư vấn phòng chống những căn bệnh thường gặp, giúp bảo vệ sức khỏe và nâng cao chất lượng sống đồng thời nhìn lại sức khỏe bản thân, tránh được các lo lắng về sức khỏe.﻿\n\nTheo khuyến cáo của Tổ chức Y tế thế giới, người từ 18 tuổi trở lên cần được khám sức khỏe định kỳ 6 tháng/ lần hoặc 1 năm/ lần nhằm phát hiện và điều trị sớm các bệnh lý đang trong giai đoạn tiềm ẩn, qua đó có thể chẩn đoán các nguy cơ tiềm ẩn của nhiều bệnh nguy hiểm về tim mạch, rối loạn chức năng hô hấp, ung thư phổi, dạ dày, vòm họng hay các bệnh viêm gan siêu vi…\n\nKhám sức khỏe định kỳ có ý nghĩa đặc biệt quan trọng trong việc phát hiện các bệnh ung thư - căn bệnh hầu như không có triệu chứng ở giai đoạn khởi phát.', FALSE, NOW(), NOW()),
('d8e9fdac-b4c5-4b0c-9f1a-3b4c5d6e7f8a', 'Tổng quát', 'https://res.cloudinary.com/dzrqvdk6r/image/upload/v1736586533/BookingCare/Image/Specific-Medical-Service/tong-quat-nang-cao.png', 'tong-quat-s34', '**Xét nghiệm tổng quát**\n\n**Xét nghiệm tổng quát  thường được chỉ định trong khám chữa bệnh vì nó giúp phát hiện nhiều bệnh lý (đặc biệt ở giai đoạn tiền lâm sàng).  Việc chủ động xét nghiệm tổng quát giúp bạn kiểm soát tình trạng sức khỏe, phòng ngừa và điều trị các bệnh lý từ sớm. Không  cần chờ tới các đợt khám sức khỏe định kỳ, bạn có thể tự đặt 1 lịch xét nghiệm tổng quát với chi phí phù hợp và không tốn nhiều thời gian để kiểm tra tình trạng sức khỏe cơ thể.**\n\n**Ai là người cần làm xét nghiệm tổng quát?**\n\n**Tất cả mọi người (người già, người trưởng thành, trẻ em) đều nên đi xét nghiệm tổng quát định 6-12 tháng/ năm.**\n\n**Danh mục Xét nghiệm tổng quát**\n\n**Xét nghiệm tổng quát bao gồm nhiều loại xét nghiệm như:**\n\n**\\- Tổng phân tích tế bào máu**\n\n**\\- Xét nghiệm nước tiểu**\n\n**\\- Kiểm tra chức năng của gan, thận**\n\n**\\- Đánh giá tình trạng chuyển hóa lipid**\n\n**\\- Phát hiện bệnh tiểu đường**\n\n**\\- ...**', FALSE, NOW(), NOW()),
('e8f9aebc-c4d5-4b1d-9a1b-3c4d5e6f7a8b', 'Tại nhà', 'https://res.cloudinary.com/dzrqvdk6r/image/upload/v1736586535/BookingCare/Image/Specific-Medical-Service/tai-nha.png', 'tai-nha-s35', '**Xét nghiệm tại nhà**\n\n**Sau thời điểm đại dịch, các dịch vụ tại nhà đã trở nên quen thuộc và được nhiều người lựa chọn, trong đó dịch vụ xét nghiệm tại nhà. BookingCare hân hạnh là đơn vị kết nối khách hàng tới những đơn vị xét nghiệm uy tín hiện nay như:**\n\n**\\- Hệ thống Y tế Medlatec**\n\n**\\- Trung tâm xét nghiệm Diag Laboratories**\n\n**\\- Trung tâm Xét nghiệm True Medicine**\n\n**\\- Trung tâm Xét nghiệm Happiny**\n\n**\\- Trung tâm Công nghệ Y khoa DNA**\n\n**\\- ...**\n\n**Lợi ích của dịch vụ đặt lịch xét nghiệm tại nhà qua BookingCare**\n\n**\\- Đảm bảo an toàn: Xét nghiệm tại nhà giúp bạn hạn chế đi lại và tiếp xúc đông người, lây nhiễm trong cộng đồng.**\n\n**\\- Đặt lịch dễ dàng: Khách hàng chủ động sắp xếp thời gian, địa điểm lấy mẫu.**\n\n**\\- Trả kết quả nhanh chóng, đúng hẹn: Phù hợp cả với những người có nhu cầu di chuyển nội thành và ngoại thành liên tục, lịch trình gấp. Thông báo kết quả qua điện thoại, email và chuyển phát nhanh bản cứng.**\n\n**\\- Quy trình xét nghiệm đảm bảo, tuân thủ theo quy định của Bộ Y tế.**', FALSE, NOW(), NOW()),
('f8a9bfcc-d4e5-4b2e-9b1c-3d4e5f6a7b8c', 'Ung thư', 'https://res.cloudinary.com/dzrqvdk6r/image/upload/v1736586535/BookingCare/Image/Specific-Medical-Service/ung-thu.png', 'ung-thu-s36', '**Ung thư là căn bệnh ngày càng phổ biến và có tỷ lệ tử vong cao. Việc phát hiện sớm ung thư từ giai đoạn đầu có vai trò quan trọng trong việc điều trị. Chính vì vậy, chủ động xét nghiệm tầm soát ung thư là giải pháp đơn giản và hữu hiệu để bạn kiểm soát sức khỏe và ngăn ngừa tế bào ung thư sớm.** \n\n**Những xét nghiệm giúp pháp hiện dấu ấn ung thư:**\n\n**\\- AFP Dấu ấn ung thư biểu mô tế bào gan**\n\n**\\- CEA: Dấu ấn ung thư đại trực tràng, phổi…**\n\n**\\- CA 72-4:Dấu ấn ung thư đường tiêu hóa**\n\n**\\- PEPSINOGEN: Dấu ấn ung thư dạ dày**\n\n**\\- CA 19-9: Dấu ấn ung thư tụy**\n\n**\\- NSE: Dấu ấn ung thư mô thần kinh và tế bào hệ nội tiết**\n\n**\\- CYFRA 21-1: Dấu ấn ung thư phổi**\n\n**\\- CA 15-3: Dấu ấn ung thư vú** \n\n**\\- CA 125: Dấu ấn ung thư cơ quan sinh dục nữ**   \n\n**\\- SCC: Dấu ấn ung thư biểu mô tế bào vảy (Vòm họng, thực quản, cổ tử cung)**\n\n**Bạn có thể tham khảo các gói xét nghiệm tổng quát dưới đây để lựa chọn cho mình gói xét nghiệm tầm soát ung thư phù hợp.**', FALSE, NOW(), NOW()),
('a9bacadd-e5f6-4b3f-9c1d-3e4f5a6b7c8d', 'NIPT', 'https://res.cloudinary.com/dzrqvdk6r/image/upload/v1736586535/BookingCare/Image/Specific-Medical-Service/nipt.png', 'nipt-s37', '**Xét nghiệm sàng lọc trước sinh không xâm lấn NIPT giúp phát hiện các hội chứng liên quan đến bất thường số lượng nhiễm sắc thể (NST) ở thai nhi thông qua máu mẹ: - Hội chứng Down (Gây thiểu năng trí tuệ) - Hội chứng Edwards (Dị tật bẩm sinh, sứt môi, hở hàm ếch,...) - Hội chứng Patau (Dị tật tim, dị tật tay, dị tật chân,...) - Sàng lọc bất thường NST giới tính (Thấp lùn, cổ ngắn, vô sinh,...) - Sàng lọc toàn bộ 19 cặp NST còn lại - Phát hiện 86 đột biến vi mất/lặp đoạn Lợi ích của dịch vụ đặt lịch xét nghiệm qua BookingCare - Đặt lịch dễ dàng: Khách hàng chủ động sắp xếp thời gian, địa điểm lấy mẫu. - Trả kết quả nhanh chóng, đúng hẹn: Phù hợp cả với những người có nhu cầu di chuyển nội thành và ngoại thành liên tục, lịch trình gấp. Thông báo kết quả qua điện thoại, email và chuyển phát nhanh bản cứng. - Quy trình xét nghiệm đảm bảo, tuân thủ theo quy định của Bộ Y tế.**', FALSE, NOW(), NOW()),
('b9cbbeed-f5a6-4b40-9d1e-3f4a5b6c7d8e', 'Sốt xuất huyết', 'https://res.cloudinary.com/dzrqvdk6r/image/upload/v1736586535/BookingCare/Image/Specific-Medical-Service/sot-xuat-huyet.png', 'sot-xuat-huyet-s38', 'Hiện nay, đợt dịch sốt xuất huyết đang diễn ra phức tạp. Với những dấu hiệu khá giống với bệnh cảm cúm nên cần phải thực hiện xét nghiệm để xác định đúng bệnh và có biện pháp điều trị phù hợp, kịp thời.\n\nNếu bạn đang cần kiểm tra mình có đang bị cúm, sốt xuất huyết không, hãy tham khảo những gói xét nghiệm của BookingCare.\n\nLợi ích của dịch vụ đặt lịch xét nghiệm qua BookingCare\n\n\\- Đảm bảo an toàn: Xét nghiệm tại nhà giúp bạn hạn chế đi lại và tiếp xúc đông người, lây nhiễm trong cộng đồng.\n\n\\- Đặt lịch dễ dàng: Khách hàng chủ động sắp xếp thời gian, địa điểm lấy mẫu.\n\n\\- Trả kết quả nhanh chóng, đúng hẹn: Thông báo kết quả qua điện thoại, email và chuyển phát nhanh bản cứng.\n\n\\- Quy trình xét nghiệm đảm bảo, tuân thủ theo quy định của Bộ Y tế.', FALSE, NOW(), NOW()),
('c9dccffd-a5b6-4b51-9e1f-3a4b5c6d7e8f', 'Dị ứng', 'https://res.cloudinary.com/dzrqvdk6r/image/upload/v1736586534/BookingCare/Image/Specific-Medical-Service/di-ung.png', 'di-ung-s39', '**Hiện nay, nhiều người gặp phải tình trạng dị ứng với nhiều nguyên nhân khác nhau. Biết được bản thân dị ứng với những yếu tố nào sẽ giúp bạn chủ động phòng tránh được tình huống dị ứng ảnh hưởng tới sức khỏe, thẩm mỹ. Với công nghệ hiện đại, các dịch vụ xét nghiệm có thể phát hiện bạn có đang dị ứng với:**\n\n**\\- Bụi nhà** \n\n**\\- Lông mèo, chó**\n\n**\\- Lòng trắng trứng** \n\n**\\- Sữa bò**\n\n**\\- Gián** \n\n**\\- Đậu phộng** \n\n**\\- Lúa mì** \n\n**\\- Cua, Tôm, Cá thu**\n\n**\\- Đào, Táo**\n\n**\\- Cá ngừ/ cá hồi**\n\n**\\- Tôm hùm**\n\n**\\- Thịt lợn/ heo , Thịt bò , Thịt gà**\n\n**Dưới đây là danh sách gói xét nghiệm dị ứng, bạn có thể tham khảo để đưa ra lựa chọn phù hợp**', FALSE, NOW(), NOW()),
('d9edd00e-b5c6-4b62-9f1a-3b4c5d6e7f8a', 'Gan', 'https://res.cloudinary.com/dzrqvdk6r/image/upload/v1736586534/BookingCare/Image/Specific-Medical-Service/gan.png', 'gan-s40', '**Gan là bộ phận đảm nhận hơn 500 chức năng, vì vậy việc kiểm tra, theo dõi chức năng gan là việc rất quan trọng và phải tiến hành thường xuyên. Xét nghiệm kiểm tra chức năng gan giúp: - Phát hiện sớm dấu hiệu tổn thương gan do tác nhân từ chế độ sinh hoạt, ăn uống, virus... - Chẩn đoán và xác định nguyên nhân làm suy giảm chức năng gan để có phương án điều trị kịp thời.. - Phát hiện những bệnh nguy hiểm như xơ gan, ung thư gan,… Những đối tượng cần xét nghiệm kiểm tra chức năng gan: Người uống nhiều rượu bia. Người có bệnh/ tiền sử bệnh gan Người bị rối loạn chức năng gan, mắc bệnh túi mật, tiểu đường, cao huyết áp,… Người đang theo dõi mức độ tổn thương gan do virus gây: Virus viêm gan B,C… Người cần theo dõi dụng phụ một số thuốc ảnh hưởng đến gan Bạn có thể chủ động thực hiện xét nghiệm chức năng gan với các gói khám dưới đây.**', FALSE, NOW(), NOW()),
('e9fee11f-c5d6-4b73-9a1b-3c4d5e6f7a8b', 'Cúm và Sốt', 'https://res.cloudinary.com/dzrqvdk6r/image/upload/v1736586534/BookingCare/Image/Specific-Medical-Service/cum-va-sot.png', 'cum-va-sot-s41', '**Hiện nay, các đợt dịch về cúm A, cúm B, sốt xuất huyết... đang diễn ra phức tạp. Với những bệnh này thường có những dấu hiệu khá giống nhau nên cần phải thực hiện xét nghiệm để xác định đúng bệnh và có biện pháp điều trị phù hợp, kịp thời.**\n\n**Nếu bạn đang cần kiểm tra mình có đang bị cúm, sốt xuất huyết không, hãy tham khảo những gói xét nghiệm của BookingCare.**\n\n**Lợi ích của dịch vụ đặt lịch xét nghiệm qua BookingCare**\n\n**\\- Đảm bảo an toàn: Xét nghiệm tại nhà giúp bạn hạn chế đi lại và tiếp xúc đông người, lây nhiễm trong cộng đồng.**\n\n**\\- Đặt lịch dễ dàng: Khách hàng chủ động sắp xếp thời gian, địa điểm lấy mẫu.**\n\n**\\- Trả kết quả nhanh chóng, đúng hẹn: Thông báo kết quả qua điện thoại, email và chuyển phát nhanh bản cứng.**\n\n**\\- Quy trình xét nghiệm đảm bảo, tuân thủ theo quy định của Bộ Y tế.**', FALSE, NOW(), NOW()),
('f9afee22-d5e6-4b84-9b1c-3d4e5f6a7b8c', 'Covid', 'https://res.cloudinary.com/dzrqvdk6r/image/upload/v1736586534/BookingCare/Image/Specific-Medical-Service/covid.png', 'covid-s42', '**COVID-19 là một bệnh truyền nhiễm mới, mặc dù hiện tại dịch bệnh đã qua thời gian diễn biến phức tạp nhưng chúng ta vẫn cần theo dõi và kiểm soát bệnh này.Hiện tại, BookingCare vẫn đang hỗ trợ khách hàng dịch vụ xét nghiệm Covid-19 tại cơ sở y tế/ tại nhà:** \n\n**Những ai cần xét nghiệm Covid?**\n\n**\\- Người tiếp xúc gần với bệnh nhân nhiễm Covid**\n\n**\\- Người nghi nhiễm Covid (có dấu hiệu ho, sốt, khó thở...)**\n\n**\\- Người thường xuyên di chuyển qua các địa phương có dịch bệnh**\n\n**\\- Người làm trong lĩnh vực dịch vụ, khu công nghiệp, doanh nghiệp thường xuyên tiếp xúc với cộng đồng.**\n\n**\\- Các nhóm đối tượng nguy cơ cao khác theo hướng dẫn của Sở Y tế**\n\n**Lợi ích của dịch vụ đặt lịch xét nghiệm Covid:**\n\n**\\- Đảm bảo an toàn: Thực hiện giãn cách xã hội, hạn chế đi lại và tiếp xúc đông người, lây nhiễm trong cộng đồng.**\n\n**\\- Đặt lịch dễ dàng: Khách hàng chủ động sắp xếp thời gian, địa điểm lấy mẫu.**\n\n**\\- Trả kết quả nhanh chóng, đúng hẹn: Phù hợp cả với những người có nhu cầu di chuyển nội thành và ngoại thành liên tục, lịch trình gấp.** **Thông báo kết quả qua điện thoại, email và chuyển phát nhanh bản cứng.**\n\n**\\- Quy trình xét nghiệm đảm bảo, tuân thủ theo quy định của Bộ Y tế.**', FALSE, NOW(), NOW()),
('aa0afb33-e6f7-4b95-9c1d-3e4f5a6b7c8d', 'Gen', 'https://res.cloudinary.com/dzrqvdk6r/image/upload/v1736586535/BookingCare/Image/Specific-Medical-Service/gen.png', 'gen-s43', '**Xét nghiệm Gen là một trong những xét nghiệm hiện đại giúp ích rất nhiều cho nền y học. Thông thường xét nghiệm Gen được sử dụng trong các trường hợp:**\n\n**\\- Xác định mối quan hệ huyết thống**\n\n**\\- Xét nghiệm gen tiền hôn nhân**\n\n**\\- Sàng lọc trước sinh**\n\n**Xác định nguy cơ mắc các bệnh ung thư**\n\n**Hiện nay, việc xét nghiệm Gen không còn khó khăn và tốn quá nhiều chi phí như trước bởi các đơn vị đã cập nhật công nghệ để đáp ứng nhu cầu của người dân. Nếu bạn đang có nhu cầu, có thể tham khảo các gói xét nghiệm Gen dưới đây**', FALSE, NOW(), NOW());




INSERT INTO specific_medical_service_medical_service VALUES
('a3b4c5d6-e7f8-48b9-9c1d-3e4f5a6b7c8d', 'b1c2d3e4-f5a6-47b8-9c1d-2e3f4a5b6c7d'),
('a3b4c5d6-e7f8-48b9-9c1d-3e4f5a6b7c8d', 'e1f2a3b4-c5d6-47e8-9f1a-2b3c4d5e6f7a'),
('b3c4d5e6-f7a8-49c0-9d1e-3f4a5b6c7d8e', 'b1c2d3e4-f5a6-47b8-9c1d-2e3f4a5b6c7d'),
('b3c4d5e6-f7a8-49c0-9d1e-3f4a5b6c7d8e', 'e1f2a3b4-c5d6-47e8-9f1a-2b3c4d5e6f7a'),
('c3d4e5f6-a7b8-49d1-9e1f-3a4b5c6d7e8f', 'b1c2d3e4-f5a6-47b8-9c1d-2e3f4a5b6c7d'),
('d3e4f5a6-b7c8-49e2-9f1a-3b4c5d6e7f8a', 'b1c2d3e4-f5a6-47b8-9c1d-2e3f4a5b6c7d'),
('e3f4a5b6-c7d8-49f3-9a1b-3c4d5e6f7a8b', 'b1c2d3e4-f5a6-47b8-9c1d-2e3f4a5b6c7d'),
('f3a4b5c6-d7e8-4a04-9b1c-3d4e5f6a7b8c', 'b1c2d3e4-f5a6-47b8-9c1d-2e3f4a5b6c7d'),
('a4b5c6d7-e8f9-4a15-9c1d-3e4f5a6b7c8d', 'b1c2d3e4-f5a6-47b8-9c1d-2e3f4a5b6c7d'),
('b4c5d6e7-f9a0-4a26-9d1e-3f4a5b6c7d8e', 'b1c2d3e4-f5a6-47b8-9c1d-2e3f4a5b6c7d'),
('c4d5e6f7-a0b1-4a37-9e1f-3a4b5c6d7e8f', 'b1c2d3e4-f5a6-47b8-9c1d-2e3f4a5b6c7d'),
('d4e5f6a7-b0c1-4a48-9f1a-3b4c5d6e7f8a', 'b1c2d3e4-f5a6-47b8-9c1d-2e3f4a5b6c7d'),
('e4f5a6b7-c0d1-4a59-9a1b-3c4d5e6f7a8b', 'b1c2d3e4-f5a6-47b8-9c1d-2e3f4a5b6c7d'),
('f4a5b6c7-d0e1-4a6a-9b1c-3d4e5f6a7b8c', 'b1c2d3e4-f5a6-47b8-9c1d-2e3f4a5b6c7d'),
('a5b6c7d8-e1f2-4a7b-9c1d-3e4f5a6b7c8d', 'e1f2a3b4-c5d6-47e8-9f1a-2b3c4d5e6f7a'),
('b5c6d7e8-f1a2-4a8c-9d1e-3f4a5b6c7d8e', 'e1f2a3b4-c5d6-47e8-9f1a-2b3c4d5e6f7a'),
('c5d6e7f8-a1b2-4a9d-9e1f-3a4b5c6d7e8f', 'a2b3c4d5-e6f7-4a8b-9c1d-3e4f5a6b7c8d'),
('d5e6f7a8-b1c2-4aae-9f1a-3b4c5d6e7f8a', 'a2b3c4d5-e6f7-4a8b-9c1d-3e4f5a6b7c8d'),
('e5f6a7b8-c1d2-4abf-9a1b-3c4d5e6f7a8b', 'a2b3c4d5-e6f7-4a8b-9c1d-3e4f5a6b7c8d'),
('f5a6b7c8-d1e2-4ac0-9b1c-3d4e5f6a7b8c', 'a2b3c4d5-e6f7-4a8b-9c1d-3e4f5a6b7c8d'),
('a6b7c8d9-e2f3-4ad1-9c1d-3e4f5a6b7c8d', 'a2b3c4d5-e6f7-4a8b-9c1d-3e4f5a6b7c8d'),
('b6c7d8e9-f2a3-4ae2-9d1e-3f4a5b6c7d8e', 'a2b3c4d5-e6f7-4a8b-9c1d-3e4f5a6b7c8d'),
('d6e7f8a9-b2c3-4b04-9f1a-3b4c5d6e7f8a', 'c1d2e3f4-a5b6-47c8-9d1e-2f3a4b5c6d7e'),
('e6f7a8b9-c2d3-4b15-9a1b-3c4d5e6f7a8b', 'c1d2e3f4-a5b6-47c8-9d1e-2f3a4b5c6d7e'),
('f6a7b8c9-d2e3-4b26-9b1c-3d4e5f6a7b8c', 'c1d2e3f4-a5b6-47c8-9d1e-2f3a4b5c6d7e'),
('a7b8c9da-e3f4-4b37-9c1d-3e4f5a6b7c8d', 'c1d2e3f4-a5b6-47c8-9d1e-2f3a4b5c6d7e'),
('b7c8d9ea-f3a4-4b48-9d1e-3f4a5b6c7d8e', 'c1d2e3f4-a5b6-47c8-9d1e-2f3a4b5c6d7e'),
('c7d8e9fa-a3b4-4b59-9e1f-3a4b5c6d7e8f', 'c1d2e3f4-a5b6-47c8-9d1e-2f3a4b5c6d7e'),
('d7e8f9ab-b3c4-4b6a-9f1a-3b4c5d6e7f8a', 'c1d2e3f4-a5b6-47c8-9d1e-2f3a4b5c6d7e'),
('e7f8a9bb-c3d4-4b7b-9a1b-3c4d5e6f7a8b', 'c1d2e3f4-a5b6-47c8-9d1e-2f3a4b5c6d7e'),
('f7a8b9cb-d3e4-4b8c-9b1c-3d4e5f6a7b8c', 'c1d2e3f4-a5b6-47c8-9d1e-2f3a4b5c6d7e'),
('a8b9cadb-e4f5-4b9d-9c1d-3e4f5a6b7c8d', 'c1d2e3f4-a5b6-47c8-9d1e-2f3a4b5c6d7e'),
('b8c9dbeb-f4a5-4bae-9d1e-3f4a5b6c7d8e', 'c1d2e3f4-a5b6-47c8-9d1e-2f3a4b5c6d7e'),
('c8d9ecfb-a4b5-4bbf-9e1f-3a4b5c6d7e8f', 'c1d2e3f4-a5b6-47c8-9d1e-2f3a4b5c6d7e'),
('d8e9fdac-b4c5-4b0c-9f1a-3b4c5d6e7f8a', 'd1e2f3a4-b5c6-47d8-9e1f-2a3b4c5d6e7f'),
('e8f9aebc-c4d5-4b1d-9a1b-3c4d5e6f7a8b', 'd1e2f3a4-b5c6-47d8-9e1f-2a3b4c5d6e7f'),
('f8a9bfcc-d4e5-4b2e-9b1c-3d4e5f6a7b8c', 'd1e2f3a4-b5c6-47d8-9e1f-2a3b4c5d6e7f'),
('a9bacadd-e5f6-4b3f-9c1d-3e4f5a6b7c8d', 'd1e2f3a4-b5c6-47d8-9e1f-2a3b4c5d6e7f'),
('b9cbbeed-f5a6-4b40-9d1e-3f4a5b6c7d8e', 'd1e2f3a4-b5c6-47d8-9e1f-2a3b4c5d6e7f'),
('c9dccffd-a5b6-4b51-9e1f-3a4b5c6d7e8f', 'd1e2f3a4-b5c6-47d8-9e1f-2a3b4c5d6e7f'),
('d9edd00e-b5c6-4b62-9f1a-3b4c5d6e7f8a', 'd1e2f3a4-b5c6-47d8-9e1f-2a3b4c5d6e7f'),
('e9fee11f-c5d6-4b73-9a1b-3c4d5e6f7a8b', 'd1e2f3a4-b5c6-47d8-9e1f-2a3b4c5d6e7f'),
('f9afee22-d5e6-4b84-9b1c-3d4e5f6a7b8c', 'd1e2f3a4-b5c6-47d8-9e1f-2a3b4c5d6e7f'),
('aa0afb33-e6f7-4b95-9c1d-3e4f5a6b7c8d', 'd1e2f3a4-b5c6-47d8-9e1f-2a3b4c5d6e7f');

INSERT INTO specific_medical_service_health_check_package VALUES
('a3b4c5d6-e7f8-48b9-9c1d-3e4f5a6b7c8d', '850152b0-5317-4083-bc8e-d511b992cf45'),
('b3c4d5e6-f7a8-49c0-9d1e-3f4a5b6c7d8e', '181a5ce1-82f8-47c8-96db-ee36ba6ec2d5'),
('c5d6e7f8-a1b2-4a9d-9e1f-3a4b5c6d7e8f', 'efea1fd2-39ea-4d35-b2ae-e49e3887eaf2'),
('c5d6e7f8-a1b2-4a9d-9e1f-3a4b5c6d7e8f', 'b3708af9-167b-455e-93b5-f5d4b586bf50'),
('c5d6e7f8-a1b2-4a9d-9e1f-3a4b5c6d7e8f', '649402dc-6898-49ac-9069-c7450d2411dc'),
('c5d6e7f8-a1b2-4a9d-9e1f-3a4b5c6d7e8f', '2c4009e1-5ca7-4f6d-9153-8ea9dd01ba58'),
('e5f6a7b8-c1d2-4abf-9a1b-3c4d5e6f7a8b', '850152b0-5317-4083-bc8e-d511b992cf45'),
('e5f6a7b8-c1d2-4abf-9a1b-3c4d5e6f7a8b', '910c57cc-e96c-4659-885f-ac1fe4afbfb6'),
('e5f6a7b8-c1d2-4abf-9a1b-3c4d5e6f7a8b', 'bb1dffb2-5d11-413d-95b3-f2e2f5f02f48'),
('f5a6b7c8-d1e2-4ac0-9b1c-3d4e5f6a7b8c', '0ebc6126-7564-44c9-8f72-54532f3dc0c4'),
('f5a6b7c8-d1e2-4ac0-9b1c-3d4e5f6a7b8c', '94d16221-68fb-40dc-a0ce-9355b5cf64d7'),
('f5a6b7c8-d1e2-4ac0-9b1c-3d4e5f6a7b8c', '0229c6fb-5b40-4e5e-9db6-97563a58c407'),
('a6b7c8d9-e2f3-4ad1-9c1d-3e4f5a6b7c8d', '0229c6fb-5b40-4e5e-9db6-97563a58c407'),
('a6b7c8d9-e2f3-4ad1-9c1d-3e4f5a6b7c8d', '850152b0-5317-4083-bc8e-d511b992cf45'),
('a6b7c8d9-e2f3-4ad1-9c1d-3e4f5a6b7c8d', '0ebc6126-7564-44c9-8f72-54532f3dc0c4'),
('d6e7f8a9-b2c3-4b04-9f1a-3b4c5d6e7f8a', 'ecc3723e-cdc2-44a3-9772-12d6556f44dd'),
('d6e7f8a9-b2c3-4b04-9f1a-3b4c5d6e7f8a', '7b6c7747-43ad-4895-90e6-47d4ccf58feb'),
('d6e7f8a9-b2c3-4b04-9f1a-3b4c5d6e7f8a', '241ec728-17d4-4949-9197-4c55e84321d6'),
('d6e7f8a9-b2c3-4b04-9f1a-3b4c5d6e7f8a', '0ebc6126-7564-44c9-8f72-54532f3dc0c4'),
('e6f7a8b9-c2d3-4b15-9a1b-3c4d5e6f7a8b', '649402dc-6898-49ac-9069-c7450d2411dc'),
('f6a7b8c9-d2e3-4b26-9b1c-3d4e5f6a7b8c', '8396b394-e549-4ea8-b5ca-32c246bc1358'),
('f6a7b8c9-d2e3-4b26-9b1c-3d4e5f6a7b8c', '241ec728-17d4-4949-9197-4c55e84321d6'),
('f6a7b8c9-d2e3-4b26-9b1c-3d4e5f6a7b8c', '2bdf2a5d-ac15-4a8e-84a0-4fc2ad9f34a9'),
('f6a7b8c9-d2e3-4b26-9b1c-3d4e5f6a7b8c', 'f443337a-f68f-4de0-bf7c-5b243133b29e'),
('f6a7b8c9-d2e3-4b26-9b1c-3d4e5f6a7b8c', '94d16221-68fb-40dc-a0ce-9355b5cf64d7'),
('f6a7b8c9-d2e3-4b26-9b1c-3d4e5f6a7b8c', '1480deaa-7d7f-491c-88e7-26859283242a'),
('a7b8c9da-e3f4-4b37-9c1d-3e4f5a6b7c8d', '1480deaa-7d7f-491c-88e7-26859283242a'),
('a7b8c9da-e3f4-4b37-9c1d-3e4f5a6b7c8d', '6bb14a65-8306-4599-a08a-5ece178def31'),
('a7b8c9da-e3f4-4b37-9c1d-3e4f5a6b7c8d', 'bb1dffb2-5d11-413d-95b3-f2e2f5f02f48'),
('a7b8c9da-e3f4-4b37-9c1d-3e4f5a6b7c8d', '63d88910-e41a-47a3-b96f-cdffb34be7e9'),
('a7b8c9da-e3f4-4b37-9c1d-3e4f5a6b7c8d', '73a6cb42-9218-40f1-8fa0-53621470c79b'),
('a7b8c9da-e3f4-4b37-9c1d-3e4f5a6b7c8d', '9d506910-a3f9-460b-949f-28073ff865b5'),
('a7b8c9da-e3f4-4b37-9c1d-3e4f5a6b7c8d', '7f8312e9-67a6-4470-a1a7-d4cc597a9626'),
('a7b8c9da-e3f4-4b37-9c1d-3e4f5a6b7c8d', '2bdf2a5d-ac15-4a8e-84a0-4fc2ad9f34a9'),
('b7c8d9ea-f3a4-4b48-9d1e-3f4a5b6c7d8e', 'd4c090ab-aa00-4d34-8edc-2218b919fd29'),
('b7c8d9ea-f3a4-4b48-9d1e-3f4a5b6c7d8e', 'b3708af9-167b-455e-93b5-f5d4b586bf50'),
('b7c8d9ea-f3a4-4b48-9d1e-3f4a5b6c7d8e', '63d88910-e41a-47a3-b96f-cdffb34be7e9'),
('b7c8d9ea-f3a4-4b48-9d1e-3f4a5b6c7d8e', 'ae1310cb-7804-4f24-ab6f-c5d429658a7a'),
('b7c8d9ea-f3a4-4b48-9d1e-3f4a5b6c7d8e', 'a61beff7-ebb7-4204-b468-a4393310ad4e'),
('b7c8d9ea-f3a4-4b48-9d1e-3f4a5b6c7d8e', 'afc42d50-94dc-41ae-83cf-35487e9c91b6'),
('b7c8d9ea-f3a4-4b48-9d1e-3f4a5b6c7d8e', 'f443337a-f68f-4de0-bf7c-5b243133b29e'),
('e7f8a9bb-c3d4-4b7b-9a1b-3c4d5e6f7a8b', '181a5ce1-82f8-47c8-96db-ee36ba6ec2d5'),
('e7f8a9bb-c3d4-4b7b-9a1b-3c4d5e6f7a8b', '649402dc-6898-49ac-9069-c7450d2411dc'),
('f7a8b9cb-d3e4-4b8c-9b1c-3d4e5f6a7b8c', '2bdf2a5d-ac15-4a8e-84a0-4fc2ad9f34a9'),
('d8e9fdac-b4c5-4b0c-9f1a-3b4c5d6e7f8a', '327736f3-f95a-46df-8c2e-d97682b1347f'),
('d8e9fdac-b4c5-4b0c-9f1a-3b4c5d6e7f8a', '7b6c7747-43ad-4895-90e6-47d4ccf58feb'),
('d8e9fdac-b4c5-4b0c-9f1a-3b4c5d6e7f8a', 'd4c090ab-aa00-4d34-8edc-2218b919fd29'),
('e8f9aebc-c4d5-4b1d-9a1b-3c4d5e6f7a8b', '2bdf2a5d-ac15-4a8e-84a0-4fc2ad9f34a9'),
('e8f9aebc-c4d5-4b1d-9a1b-3c4d5e6f7a8b', '94d16221-68fb-40dc-a0ce-9355b5cf64d7'),
('a9bacadd-e5f6-4b3f-9c1d-3e4f5a6b7c8d', '792e128e-91f0-4630-80bc-79b0b29c0ad3'),
('a9bacadd-e5f6-4b3f-9c1d-3e4f5a6b7c8d', 'b3708af9-167b-455e-93b5-f5d4b586bf50'),
('a9bacadd-e5f6-4b3f-9c1d-3e4f5a6b7c8d', '9d506910-a3f9-460b-949f-28073ff865b5'),
('a9bacadd-e5f6-4b3f-9c1d-3e4f5a6b7c8d', 'bb1dffb2-5d11-413d-95b3-f2e2f5f02f48'),
('a9bacadd-e5f6-4b3f-9c1d-3e4f5a6b7c8d', '38d2ab01-3a22-4162-8505-f83b96d859d4'),
('a9bacadd-e5f6-4b3f-9c1d-3e4f5a6b7c8d', '0ebc6126-7564-44c9-8f72-54532f3dc0c4'),
('b9cbbeed-f5a6-4b40-9d1e-3f4a5b6c7d8e', '38d2ab01-3a22-4162-8505-f83b96d859d4'),
('b9cbbeed-f5a6-4b40-9d1e-3f4a5b6c7d8e', '1480deaa-7d7f-491c-88e7-26859283242a'),
('d9edd00e-b5c6-4b62-9f1a-3b4c5d6e7f8a', 'b3708af9-167b-455e-93b5-f5d4b586bf50'),
('e9fee11f-c5d6-4b73-9a1b-3c4d5e6f7a8b', 'ae1310cb-7804-4f24-ab6f-c5d429658a7a'),
('e9fee11f-c5d6-4b73-9a1b-3c4d5e6f7a8b', '792e128e-91f0-4630-80bc-79b0b29c0ad3'),
('f9afee22-d5e6-4b84-9b1c-3d4e5f6a7b8c', '2c4009e1-5ca7-4f6d-9153-8ea9dd01ba58');



INSERT INTO health_check_package_specialty VALUES
('43aac31b-05d9-4cfc-ad7a-71edf9a8f7b1', 'b2891062-108e-5e3f-9fef-dbbfe08a5fe4'),
('241ec728-17d4-4949-9197-4c55e84321d6', '44cfc875-9e9a-57b8-9630-0d97cd247e15'),
('7b6c7747-43ad-4895-90e6-47d4ccf58feb', '216fea8b-7310-52a9-9eb9-fec0ed0bba33'),
('a01bc2d3-e4f5-4c06-9d1e-3f4a5b6c7d92', '44cfc875-9e9a-57b8-9630-0d97cd247e15'),
('83872d60-9134-4b2a-8881-a97eb38ed70f', 'f75dd689-2f91-548f-bbdf-269007aaacd5'),
('63d88910-e41a-47a3-b96f-cdffb34be7e9', 'a3c280cd-3969-52dc-adde-d8f109515e78'),
('7f8312e9-67a6-4470-a1a7-d4cc597a9626', 'abf8e9ba-ae3a-5de0-8c01-2a99d7f671b3'),
('649402dc-6898-49ac-9069-c7450d2411dc', '3b090700-5aab-5485-a633-9ebff0cfffaa'),
('7b6c7747-43ad-4895-90e6-47d4ccf58feb', '20041867-3934-59c2-90f9-8243ac930c5e'),
('afc42d50-94dc-41ae-83cf-35487e9c91b6', '267338f2-aa95-5f32-b274-7d7ca836ec87'),
('2c4009e1-5ca7-4f6d-9153-8ea9dd01ba58', 'c1ac6b73-48d5-53a4-8987-75cc206cf134'),
('a61beff7-ebb7-4204-b468-a4393310ad4e', '8b147f13-1d38-5d6d-bd55-57ecf460e8d4'),
('1480deaa-7d7f-491c-88e7-26859283242a', '7d5cfc6a-25d2-5d9b-98a0-807717c619c9'),
('850152b0-5317-4083-bc8e-d511b992cf45', 'b2891062-108e-5e3f-9fef-dbbfe08a5fe4'),
('8396b394-e549-4ea8-b5ca-32c246bc1358', 'c1ac6b73-48d5-53a4-8987-75cc206cf134'),
('afc42d50-94dc-41ae-83cf-35487e9c91b6', 'dfb71a9f-8c05-5f9b-9994-be1f8c3c68fd'),
('46840b5b-7972-47ef-bd29-e54a857277e0', '33eb3d8f-20fd-50af-bde6-7e8e5c0bdec0'),
('94d16221-68fb-40dc-a0ce-9355b5cf64d7', 'a79aa480-2eb9-5f29-9ac5-8976a11fd7fd'),
('649402dc-6898-49ac-9069-c7450d2411dc', 'f75dd689-2f91-548f-bbdf-269007aaacd5'),
('2c4009e1-5ca7-4f6d-9153-8ea9dd01ba58', '3be59a9e-a37f-5ec8-a89e-81e26475b2d1'),
('38d2ab01-3a22-4162-8505-f83b96d859d4', '8a870578-d7e9-5178-9b3c-53e7f4c54dd9'),
('2933a7d6-dcaa-48dd-bb35-e5e7969eb074', '3b090700-5aab-5485-a633-9ebff0cfffaa'),
('327736f3-f95a-46df-8c2e-d97682b1347f', '926f0768-5213-57ef-80f5-b1ffd080b317'),
('87706d10-9b95-4dd3-aefa-8a53d9f3c1ab', '20041867-3934-59c2-90f9-8243ac930c5e'),
('f443337a-f68f-4de0-bf7c-5b243133b29e', '267338f2-aa95-5f32-b274-7d7ca836ec87'),
('910c57cc-e96c-4659-885f-ac1fe4afbfb6', 'f675899b-3151-5f35-98d5-8fb1220c3430'),
('83872d60-9134-4b2a-8881-a97eb38ed70f', '0d2f9c81-5dc7-5294-8a21-70ad903451c9'),
('7f8312e9-67a6-4470-a1a7-d4cc597a9626', '8a870578-d7e9-5178-9b3c-53e7f4c54dd9'),
('b3708af9-167b-455e-93b5-f5d4b586bf50', 'dc49d92f-03a2-51ee-9bb2-d5aab27a6095'),
('327736f3-f95a-46df-8c2e-d97682b1347f', '036403d3-c8a3-5a0d-b1d2-8c64825f2d47'),
('afc42d50-94dc-41ae-83cf-35487e9c91b6', 'a0fa36aa-87f0-5e15-877a-2de65c600f89');