-- Generated Schedule Data
-- Format: SCHDL###_DAY for schedules
-- Format: PKGSCHDL_PKG##_SLOT###_YYYYMMDD for package_schedules

INSERT INTO schedules (id, start_time, end_time, day_id) VALUES
    ('SCHDL001_MON', '07:30', '08:00', 'MON'),
    ('SCHDL002_MON', '08:00', '08:30', 'MON'),
    ('SCHDL003_MON', '08:30', '09:00', 'MON'),
    ('SCHDL004_MON', '09:00', '09:30', 'MON'),
    ('SCHDL005_MON', '09:30', '10:00', 'MON'),
    ('SCHDL006_MON', '10:00', '10:30', 'MON'),
    ('SCHDL007_MON', '10:30', '11:00', 'MON'),
    ('SCHDL008_MON', '11:00', '11:30', 'MON'),
    ('SCHDL009_MON', '13:30', '14:00', 'MON'),
    ('SCHDL010_MON', '14:00', '14:30', 'MON'),
    ('SCHDL011_MON', '14:30', '15:00', 'MON'),
    ('SCHDL012_MON', '15:00', '15:30', 'MON'),
    ('SCHDL013_MON', '15:30', '16:00', 'MON'),
    ('SCHDL014_MON', '16:00', '16:30', 'MON'),
    ('SCHDL015_MON', '16:30', '17:00', 'MON'),
    ('SCHDL016_MON', '17:00', '17:30', 'MON'),
    ('SCHDL017_MON', '17:30', '18:00', 'MON'),
    ('SCHDL018_MON', '18:00', '18:30', 'MON'),
    ('SCHDL019_MON', '18:30', '19:00', 'MON'),
    ('SCHDL020_MON', '19:00', '19:30', 'MON'),
    ('SCHDL021_MON', '19:30', '20:00', 'MON'),
    ('SCHDL022_MON', '20:00', '20:30', 'MON'),
    ('SCHDL001_TUE', '07:30', '08:00', 'TUE'),
    ('SCHDL002_TUE', '08:00', '08:30', 'TUE'),
    ('SCHDL003_TUE', '08:30', '09:00', 'TUE'),
    ('SCHDL004_TUE', '09:00', '09:30', 'TUE'),
    ('SCHDL005_TUE', '09:30', '10:00', 'TUE'),
    ('SCHDL006_TUE', '10:00', '10:30', 'TUE'),
    ('SCHDL007_TUE', '10:30', '11:00', 'TUE'),
    ('SCHDL008_TUE', '11:00', '11:30', 'TUE'),
    ('SCHDL009_TUE', '13:30', '14:00', 'TUE'),
    ('SCHDL010_TUE', '14:00', '14:30', 'TUE'),
    ('SCHDL011_TUE', '14:30', '15:00', 'TUE'),
    ('SCHDL012_TUE', '15:00', '15:30', 'TUE'),
    ('SCHDL013_TUE', '15:30', '16:00', 'TUE'),
    ('SCHDL014_TUE', '16:00', '16:30', 'TUE'),
    ('SCHDL015_TUE', '16:30', '17:00', 'TUE'),
    ('SCHDL016_TUE', '17:00', '17:30', 'TUE'),
    ('SCHDL017_TUE', '17:30', '18:00', 'TUE'),
    ('SCHDL018_TUE', '18:00', '18:30', 'TUE'),
    ('SCHDL019_TUE', '18:30', '19:00', 'TUE'),
    ('SCHDL020_TUE', '19:00', '19:30', 'TUE'),
    ('SCHDL021_TUE', '19:30', '20:00', 'TUE'),
    ('SCHDL022_TUE', '20:00', '20:30', 'TUE'),
    ('SCHDL001_WED', '07:30', '08:00', 'WED'),
    ('SCHDL002_WED', '08:00', '08:30', 'WED'),
    ('SCHDL003_WED', '08:30', '09:00', 'WED'),
    ('SCHDL004_WED', '09:00', '09:30', 'WED'),
    ('SCHDL005_WED', '09:30', '10:00', 'WED'),
    ('SCHDL006_WED', '10:00', '10:30', 'WED'),
    ('SCHDL007_WED', '10:30', '11:00', 'WED'),
    ('SCHDL008_WED', '11:00', '11:30', 'WED'),
    ('SCHDL009_WED', '13:30', '14:00', 'WED'),
    ('SCHDL010_WED', '14:00', '14:30', 'WED'),
    ('SCHDL011_WED', '14:30', '15:00', 'WED'),
    ('SCHDL012_WED', '15:00', '15:30', 'WED'),
    ('SCHDL013_WED', '15:30', '16:00', 'WED'),
    ('SCHDL014_WED', '16:00', '16:30', 'WED'),
    ('SCHDL015_WED', '16:30', '17:00', 'WED'),
    ('SCHDL016_WED', '17:00', '17:30', 'WED'),
    ('SCHDL017_WED', '17:30', '18:00', 'WED'),
    ('SCHDL018_WED', '18:00', '18:30', 'WED'),
    ('SCHDL019_WED', '18:30', '19:00', 'WED'),
    ('SCHDL020_WED', '19:00', '19:30', 'WED'),
    ('SCHDL021_WED', '19:30', '20:00', 'WED'),
    ('SCHDL022_WED', '20:00', '20:30', 'WED'),
    ('SCHDL001_THU', '07:30', '08:00', 'THU'),
    ('SCHDL002_THU', '08:00', '08:30', 'THU'),
    ('SCHDL003_THU', '08:30', '09:00', 'THU'),
    ('SCHDL004_THU', '09:00', '09:30', 'THU'),
    ('SCHDL005_THU', '09:30', '10:00', 'THU'),
    ('SCHDL006_THU', '10:00', '10:30', 'THU'),
    ('SCHDL007_THU', '10:30', '11:00', 'THU'),
    ('SCHDL008_THU', '11:00', '11:30', 'THU'),
    ('SCHDL009_THU', '13:30', '14:00', 'THU'),
    ('SCHDL010_THU', '14:00', '14:30', 'THU'),
    ('SCHDL011_THU', '14:30', '15:00', 'THU'),
    ('SCHDL012_THU', '15:00', '15:30', 'THU'),
    ('SCHDL013_THU', '15:30', '16:00', 'THU'),
    ('SCHDL014_THU', '16:00', '16:30', 'THU'),
    ('SCHDL015_THU', '16:30', '17:00', 'THU'),
    ('SCHDL016_THU', '17:00', '17:30', 'THU'),
    ('SCHDL017_THU', '17:30', '18:00', 'THU'),
    ('SCHDL018_THU', '18:00', '18:30', 'THU'),
    ('SCHDL019_THU', '18:30', '19:00', 'THU'),
    ('SCHDL020_THU', '19:00', '19:30', 'THU'),
    ('SCHDL021_THU', '19:30', '20:00', 'THU'),
    ('SCHDL022_THU', '20:00', '20:30', 'THU'),
    ('SCHDL001_FRI', '07:30', '08:00', 'FRI'),
    ('SCHDL002_FRI', '08:00', '08:30', 'FRI'),
    ('SCHDL003_FRI', '08:30', '09:00', 'FRI'),
    ('SCHDL004_FRI', '09:00', '09:30', 'FRI'),
    ('SCHDL005_FRI', '09:30', '10:00', 'FRI'),
    ('SCHDL006_FRI', '10:00', '10:30', 'FRI'),
    ('SCHDL007_FRI', '10:30', '11:00', 'FRI'),
    ('SCHDL008_FRI', '11:00', '11:30', 'FRI'),
    ('SCHDL009_FRI', '13:30', '14:00', 'FRI'),
    ('SCHDL010_FRI', '14:00', '14:30', 'FRI'),
    ('SCHDL011_FRI', '14:30', '15:00', 'FRI'),
    ('SCHDL012_FRI', '15:00', '15:30', 'FRI'),
    ('SCHDL013_FRI', '15:30', '16:00', 'FRI'),
    ('SCHDL014_FRI', '16:00', '16:30', 'FRI'),
    ('SCHDL015_FRI', '16:30', '17:00', 'FRI'),
    ('SCHDL016_FRI', '17:00', '17:30', 'FRI'),
    ('SCHDL017_FRI', '17:30', '18:00', 'FRI'),
    ('SCHDL018_FRI', '18:00', '18:30', 'FRI'),
    ('SCHDL019_FRI', '18:30', '19:00', 'FRI'),
    ('SCHDL020_FRI', '19:00', '19:30', 'FRI'),
    ('SCHDL021_FRI', '19:30', '20:00', 'FRI'),
    ('SCHDL022_FRI', '20:00', '20:30', 'FRI'),
    ('SCHDL001_SAT', '07:30', '08:00', 'SAT'),
    ('SCHDL002_SAT', '08:00', '08:30', 'SAT'),
    ('SCHDL003_SAT', '08:30', '09:00', 'SAT'),
    ('SCHDL004_SAT', '09:00', '09:30', 'SAT'),
    ('SCHDL005_SAT', '09:30', '10:00', 'SAT'),
    ('SCHDL006_SAT', '10:00', '10:30', 'SAT'),
    ('SCHDL007_SAT', '10:30', '11:00', 'SAT'),
    ('SCHDL008_SAT', '11:00', '11:30', 'SAT'),
    ('SCHDL009_SAT', '13:30', '14:00', 'SAT'),
    ('SCHDL010_SAT', '14:00', '14:30', 'SAT'),
    ('SCHDL011_SAT', '14:30', '15:00', 'SAT'),
    ('SCHDL012_SAT', '15:00', '15:30', 'SAT'),
    ('SCHDL013_SAT', '15:30', '16:00', 'SAT'),
    ('SCHDL014_SAT', '16:00', '16:30', 'SAT'),
    ('SCHDL015_SAT', '16:30', '17:00', 'SAT'),
    ('SCHDL016_SAT', '17:00', '17:30', 'SAT'),
    ('SCHDL017_SAT', '17:30', '18:00', 'SAT'),
    ('SCHDL018_SAT', '18:00', '18:30', 'SAT'),
    ('SCHDL019_SAT', '18:30', '19:00', 'SAT'),
    ('SCHDL020_SAT', '19:00', '19:30', 'SAT'),
    ('SCHDL021_SAT', '19:30', '20:00', 'SAT'),
    ('SCHDL022_SAT', '20:00', '20:30', 'SAT'),
    ('SCHDL001_SUN', '07:30', '08:00', 'SUN'),
    ('SCHDL002_SUN', '08:00', '08:30', 'SUN'),
    ('SCHDL003_SUN', '08:30', '09:00', 'SUN'),
    ('SCHDL004_SUN', '09:00', '09:30', 'SUN'),
    ('SCHDL005_SUN', '09:30', '10:00', 'SUN'),
    ('SCHDL006_SUN', '10:00', '10:30', 'SUN'),
    ('SCHDL007_SUN', '10:30', '11:00', 'SUN'),
    ('SCHDL008_SUN', '11:00', '11:30', 'SUN'),
    ('SCHDL009_SUN', '13:30', '14:00', 'SUN'),
    ('SCHDL010_SUN', '14:00', '14:30', 'SUN'),
    ('SCHDL011_SUN', '14:30', '15:00', 'SUN'),
    ('SCHDL012_SUN', '15:00', '15:30', 'SUN'),
    ('SCHDL013_SUN', '15:30', '16:00', 'SUN'),
    ('SCHDL014_SUN', '16:00', '16:30', 'SUN'),
    ('SCHDL015_SUN', '16:30', '17:00', 'SUN'),
    ('SCHDL016_SUN', '17:00', '17:30', 'SUN'),
    ('SCHDL017_SUN', '17:30', '18:00', 'SUN'),
    ('SCHDL018_SUN', '18:00', '18:30', 'SUN'),
    ('SCHDL019_SUN', '18:30', '19:00', 'SUN'),
    ('SCHDL020_SUN', '19:00', '19:30', 'SUN'),
    ('SCHDL021_SUN', '19:30', '20:00', 'SUN'),
    ('SCHDL022_SUN', '20:00', '20:30', 'SUN');


INSERT INTO health_check_package_schedules (package_schedule_id, package_id, schedule_id, schedule_date, capacity, booked_count, overbook_limit, created_at, updated_at, is_deleted) VALUES
    ('PKGSCHDL_PKG01_SLOT001_20251122', '7b6c7747-43ad-4895-90e6-47d4ccf58feb', 'SCHDL018_SAT', '2025-11-22', 3, 0, 0, 'NOW()', 'NOW()', FALSE),
    ('PKGSCHDL_PKG01_SLOT002_20251129', '7b6c7747-43ad-4895-90e6-47d4ccf58feb', 'SCHDL018_SAT', '2025-11-29', 8, 1, 0, 'NOW()', 'NOW()', FALSE),
    ('PKGSCHDL_PKG01_SLOT003_20251206', '7b6c7747-43ad-4895-90e6-47d4ccf58feb', 'SCHDL018_SAT', '2025-12-06', 5, 2, 2, 'NOW()', 'NOW()', FALSE),
    ('PKGSCHDL_PKG01_SLOT004_20251213', '7b6c7747-43ad-4895-90e6-47d4ccf58feb', 'SCHDL018_SAT', '2025-12-13', 4, 1, 2, 'NOW()', 'NOW()', FALSE),
    ('PKGSCHDL_PKG01_SLOT005_20251120', '7b6c7747-43ad-4895-90e6-47d4ccf58feb', 'SCHDL012_THU', '2025-11-20', 3, 0, 2, 'NOW()', 'NOW()', FALSE),
    ('PKGSCHDL_PKG01_SLOT006_20251127', '7b6c7747-43ad-4895-90e6-47d4ccf58feb', 'SCHDL012_THU', '2025-11-27', 9, 0, 2, 'NOW()', 'NOW()', FALSE),
    ('PKGSCHDL_PKG01_SLOT007_20251204', '7b6c7747-43ad-4895-90e6-47d4ccf58feb', 'SCHDL012_THU', '2025-12-04', 7, 2, 1, 'NOW()', 'NOW()', FALSE),
    ('PKGSCHDL_PKG01_SLOT008_20251211', '7b6c7747-43ad-4895-90e6-47d4ccf58feb', 'SCHDL012_THU', '2025-12-11', 9, 1, 0, 'NOW()', 'NOW()', FALSE),
    ('PKGSCHDL_PKG01_SLOT009_20251121', '7b6c7747-43ad-4895-90e6-47d4ccf58feb', 'SCHDL005_FRI', '2025-11-21', 3, 0, 1, 'NOW()', 'NOW()', FALSE),
    ('PKGSCHDL_PKG01_SLOT010_20251128', '7b6c7747-43ad-4895-90e6-47d4ccf58feb', 'SCHDL005_FRI', '2025-11-28', 10, 2, 1, 'NOW()', 'NOW()', FALSE),
    ('PKGSCHDL_PKG01_SLOT011_20251205', '7b6c7747-43ad-4895-90e6-47d4ccf58feb', 'SCHDL005_FRI', '2025-12-05', 10, 0, 2, 'NOW()', 'NOW()', FALSE),
    ('PKGSCHDL_PKG01_SLOT012_20251212', '7b6c7747-43ad-4895-90e6-47d4ccf58feb', 'SCHDL005_FRI', '2025-12-12', 5, 2, 1, 'NOW()', 'NOW()', FALSE),
    ('PKGSCHDL_PKG01_SLOT013_20251122', '7b6c7747-43ad-4895-90e6-47d4ccf58feb', 'SCHDL022_SAT', '2025-11-22', 4, 2, 0, 'NOW()', 'NOW()', FALSE),
    ('PKGSCHDL_PKG01_SLOT014_20251129', '7b6c7747-43ad-4895-90e6-47d4ccf58feb', 'SCHDL022_SAT', '2025-11-29', 7, 2, 2, 'NOW()', 'NOW()', FALSE),
    ('PKGSCHDL_PKG01_SLOT015_20251206', '7b6c7747-43ad-4895-90e6-47d4ccf58feb', 'SCHDL022_SAT', '2025-12-06', 8, 2, 2, 'NOW()', 'NOW()', FALSE),
    ('PKGSCHDL_PKG01_SLOT016_20251213', '7b6c7747-43ad-4895-90e6-47d4ccf58feb', 'SCHDL022_SAT', '2025-12-13', 3, 2, 1, 'NOW()', 'NOW()', FALSE),
    ('PKGSCHDL_PKG01_SLOT017_20251116', '7b6c7747-43ad-4895-90e6-47d4ccf58feb', 'SCHDL007_SUN', '2025-11-16', 6, 2, 1, 'NOW()', 'NOW()', FALSE),
    ('PKGSCHDL_PKG01_SLOT018_20251123', '7b6c7747-43ad-4895-90e6-47d4ccf58feb', 'SCHDL007_SUN', '2025-11-23', 7, 0, 0, 'NOW()', 'NOW()', FALSE),
    ('PKGSCHDL_PKG01_SLOT019_20251130', '7b6c7747-43ad-4895-90e6-47d4ccf58feb', 'SCHDL007_SUN', '2025-11-30', 9, 1, 1, 'NOW()', 'NOW()', FALSE),
    ('PKGSCHDL_PKG01_SLOT020_20251207', '7b6c7747-43ad-4895-90e6-47d4ccf58feb', 'SCHDL007_SUN', '2025-12-07', 3, 2, 0, 'NOW()', 'NOW()', FALSE),
    ('PKGSCHDL_PKG01_SLOT021_20251214', '7b6c7747-43ad-4895-90e6-47d4ccf58feb', 'SCHDL007_SUN', '2025-12-14', 5, 2, 0, 'NOW()', 'NOW()', FALSE),
    ('PKGSCHDL_PKG01_SLOT022_20251121', '7b6c7747-43ad-4895-90e6-47d4ccf58feb', 'SCHDL006_FRI', '2025-11-21', 5, 0, 2, 'NOW()', 'NOW()', FALSE),
    ('PKGSCHDL_PKG01_SLOT023_20251128', '7b6c7747-43ad-4895-90e6-47d4ccf58feb', 'SCHDL006_FRI', '2025-11-28', 9, 1, 1, 'NOW()', 'NOW()', FALSE),
    ('PKGSCHDL_PKG01_SLOT024_20251205', '7b6c7747-43ad-4895-90e6-47d4ccf58feb', 'SCHDL006_FRI', '2025-12-05', 3, 0, 0, 'NOW()', 'NOW()', FALSE),
    ('PKGSCHDL_PKG01_SLOT025_20251212', '7b6c7747-43ad-4895-90e6-47d4ccf58feb', 'SCHDL006_FRI', '2025-12-12', 10, 0, 0, 'NOW()', 'NOW()', FALSE),
    ('PKGSCHDL_PKG02_SLOT001_20251117', 'f443337a-f68f-4de0-bf7c-5b243133b29e', 'SCHDL016_MON', '2025-11-17', 7, 1, 1, 'NOW()', 'NOW()', FALSE),
    ('PKGSCHDL_PKG02_SLOT002_20251124', 'f443337a-f68f-4de0-bf7c-5b243133b29e', 'SCHDL016_MON', '2025-11-24', 9, 2, 0, 'NOW()', 'NOW()', FALSE),
    ('PKGSCHDL_PKG02_SLOT003_20251201', 'f443337a-f68f-4de0-bf7c-5b243133b29e', 'SCHDL016_MON', '2025-12-01', 3, 1, 0, 'NOW()', 'NOW()', FALSE),
    ('PKGSCHDL_PKG02_SLOT004_20251208', 'f443337a-f68f-4de0-bf7c-5b243133b29e', 'SCHDL016_MON', '2025-12-08', 3, 2, 2, 'NOW()', 'NOW()', FALSE),
    ('PKGSCHDL_PKG02_SLOT005_20251215', 'f443337a-f68f-4de0-bf7c-5b243133b29e', 'SCHDL016_MON', '2025-12-15', 3, 1, 1, 'NOW()', 'NOW()', FALSE),
    ('PKGSCHDL_PKG02_SLOT006_20251117', 'f443337a-f68f-4de0-bf7c-5b243133b29e', 'SCHDL008_MON', '2025-11-17', 8, 2, 2, 'NOW()', 'NOW()', FALSE),
    ('PKGSCHDL_PKG02_SLOT007_20251124', 'f443337a-f68f-4de0-bf7c-5b243133b29e', 'SCHDL008_MON', '2025-11-24', 8, 1, 0, 'NOW()', 'NOW()', FALSE),
    ('PKGSCHDL_PKG02_SLOT008_20251201', 'f443337a-f68f-4de0-bf7c-5b243133b29e', 'SCHDL008_MON', '2025-12-01', 3, 2, 1, 'NOW()', 'NOW()', FALSE),
    ('PKGSCHDL_PKG02_SLOT009_20251208', 'f443337a-f68f-4de0-bf7c-5b243133b29e', 'SCHDL008_MON', '2025-12-08', 10, 2, 2, 'NOW()', 'NOW()', FALSE),
    ('PKGSCHDL_PKG02_SLOT010_20251215', 'f443337a-f68f-4de0-bf7c-5b243133b29e', 'SCHDL008_MON', '2025-12-15', 10, 0, 0, 'NOW()', 'NOW()', FALSE),
    ('PKGSCHDL_PKG02_SLOT011_20251117', 'f443337a-f68f-4de0-bf7c-5b243133b29e', 'SCHDL009_MON', '2025-11-17', 4, 0, 1, 'NOW()', 'NOW()', FALSE),
    ('PKGSCHDL_PKG02_SLOT012_20251124', 'f443337a-f68f-4de0-bf7c-5b243133b29e', 'SCHDL009_MON', '2025-11-24', 7, 0, 2, 'NOW()', 'NOW()', FALSE),
    ('PKGSCHDL_PKG02_SLOT013_20251201', 'f443337a-f68f-4de0-bf7c-5b243133b29e', 'SCHDL009_MON', '2025-12-01', 3, 0, 2, 'NOW()', 'NOW()', FALSE),
    ('PKGSCHDL_PKG02_SLOT014_20251208', 'f443337a-f68f-4de0-bf7c-5b243133b29e', 'SCHDL009_MON', '2025-12-08', 6, 0, 1, 'NOW()', 'NOW()', FALSE),
    ('PKGSCHDL_PKG02_SLOT015_20251215', 'f443337a-f68f-4de0-bf7c-5b243133b29e', 'SCHDL009_MON', '2025-12-15', 9, 2, 0, 'NOW()', 'NOW()', FALSE),
    ('PKGSCHDL_PKG02_SLOT016_20251122', 'f443337a-f68f-4de0-bf7c-5b243133b29e', 'SCHDL004_SAT', '2025-11-22', 7, 0, 2, 'NOW()', 'NOW()', FALSE),
    ('PKGSCHDL_PKG02_SLOT017_20251129', 'f443337a-f68f-4de0-bf7c-5b243133b29e', 'SCHDL004_SAT', '2025-11-29', 9, 0, 2, 'NOW()', 'NOW()', FALSE),
    ('PKGSCHDL_PKG02_SLOT018_20251206', 'f443337a-f68f-4de0-bf7c-5b243133b29e', 'SCHDL004_SAT', '2025-12-06', 4, 0, 0, 'NOW()', 'NOW()', FALSE),
    ('PKGSCHDL_PKG02_SLOT019_20251213', 'f443337a-f68f-4de0-bf7c-5b243133b29e', 'SCHDL004_SAT', '2025-12-13', 6, 2, 2, 'NOW()', 'NOW()', FALSE),
    ('PKGSCHDL_PKG02_SLOT020_20251122', 'f443337a-f68f-4de0-bf7c-5b243133b29e', 'SCHDL005_SAT', '2025-11-22', 4, 1, 0, 'NOW()', 'NOW()', FALSE),
    ('PKGSCHDL_PKG02_SLOT021_20251129', 'f443337a-f68f-4de0-bf7c-5b243133b29e', 'SCHDL005_SAT', '2025-11-29', 9, 2, 1, 'NOW()', 'NOW()', FALSE),
    ('PKGSCHDL_PKG02_SLOT022_20251206', 'f443337a-f68f-4de0-bf7c-5b243133b29e', 'SCHDL005_SAT', '2025-12-06', 10, 1, 2, 'NOW()', 'NOW()', FALSE),
    ('PKGSCHDL_PKG02_SLOT023_20251213', 'f443337a-f68f-4de0-bf7c-5b243133b29e', 'SCHDL005_SAT', '2025-12-13', 4, 0, 0, 'NOW()', 'NOW()', FALSE),
    ('PKGSCHDL_PKG03_SLOT001_20251117', '73a6cb42-9218-40f1-8fa0-53621470c79b', 'SCHDL014_MON', '2025-11-17', 6, 0, 0, 'NOW()', 'NOW()', FALSE),
    ('PKGSCHDL_PKG03_SLOT002_20251124', '73a6cb42-9218-40f1-8fa0-53621470c79b', 'SCHDL014_MON', '2025-11-24', 5, 1, 0, 'NOW()', 'NOW()', FALSE),
    ('PKGSCHDL_PKG03_SLOT003_20251201', '73a6cb42-9218-40f1-8fa0-53621470c79b', 'SCHDL014_MON', '2025-12-01', 9, 0, 0, 'NOW()', 'NOW()', FALSE),
    ('PKGSCHDL_PKG03_SLOT004_20251208', '73a6cb42-9218-40f1-8fa0-53621470c79b', 'SCHDL014_MON', '2025-12-08', 5, 1, 1, 'NOW()', 'NOW()', FALSE),
    ('PKGSCHDL_PKG03_SLOT005_20251215', '73a6cb42-9218-40f1-8fa0-53621470c79b', 'SCHDL014_MON', '2025-12-15', 9, 1, 0, 'NOW()', 'NOW()', FALSE),
    ('PKGSCHDL_PKG03_SLOT006_20251118', '73a6cb42-9218-40f1-8fa0-53621470c79b', 'SCHDL003_TUE', '2025-11-18', 6, 1, 0, 'NOW()', 'NOW()', FALSE),
    ('PKGSCHDL_PKG03_SLOT007_20251125', '73a6cb42-9218-40f1-8fa0-53621470c79b', 'SCHDL003_TUE', '2025-11-25', 8, 1, 2, 'NOW()', 'NOW()', FALSE),
    ('PKGSCHDL_PKG03_SLOT008_20251202', '73a6cb42-9218-40f1-8fa0-53621470c79b', 'SCHDL003_TUE', '2025-12-02', 6, 2, 1, 'NOW()', 'NOW()', FALSE),
    ('PKGSCHDL_PKG03_SLOT009_20251209', '73a6cb42-9218-40f1-8fa0-53621470c79b', 'SCHDL003_TUE', '2025-12-09', 9, 2, 2, 'NOW()', 'NOW()', FALSE),
    ('PKGSCHDL_PKG03_SLOT010_20251120', '73a6cb42-9218-40f1-8fa0-53621470c79b', 'SCHDL007_THU', '2025-11-20', 9, 1, 2, 'NOW()', 'NOW()', FALSE),
    ('PKGSCHDL_PKG03_SLOT011_20251127', '73a6cb42-9218-40f1-8fa0-53621470c79b', 'SCHDL007_THU', '2025-11-27', 10, 2, 1, 'NOW()', 'NOW()', FALSE),
    ('PKGSCHDL_PKG03_SLOT012_20251204', '73a6cb42-9218-40f1-8fa0-53621470c79b', 'SCHDL007_THU', '2025-12-04', 9, 1, 1, 'NOW()', 'NOW()', FALSE),
    ('PKGSCHDL_PKG03_SLOT013_20251211', '73a6cb42-9218-40f1-8fa0-53621470c79b', 'SCHDL007_THU', '2025-12-11', 10, 2, 2, 'NOW()', 'NOW()', FALSE),
    ('PKGSCHDL_PKG03_SLOT014_20251116', '73a6cb42-9218-40f1-8fa0-53621470c79b', 'SCHDL013_SUN', '2025-11-16', 10, 0, 2, 'NOW()', 'NOW()', FALSE),
    ('PKGSCHDL_PKG03_SLOT015_20251123', '73a6cb42-9218-40f1-8fa0-53621470c79b', 'SCHDL013_SUN', '2025-11-23', 4, 2, 1, 'NOW()', 'NOW()', FALSE),
    ('PKGSCHDL_PKG03_SLOT016_20251130', '73a6cb42-9218-40f1-8fa0-53621470c79b', 'SCHDL013_SUN', '2025-11-30', 7, 2, 1, 'NOW()', 'NOW()', FALSE),
    ('PKGSCHDL_PKG03_SLOT017_20251207', '73a6cb42-9218-40f1-8fa0-53621470c79b', 'SCHDL013_SUN', '2025-12-07', 6, 0, 1, 'NOW()', 'NOW()', FALSE),
    ('PKGSCHDL_PKG03_SLOT018_20251214', '73a6cb42-9218-40f1-8fa0-53621470c79b', 'SCHDL013_SUN', '2025-12-14', 3, 2, 1, 'NOW()', 'NOW()', FALSE),
    ('PKGSCHDL_PKG03_SLOT019_20251118', '73a6cb42-9218-40f1-8fa0-53621470c79b', 'SCHDL004_TUE', '2025-11-18', 5, 2, 2, 'NOW()', 'NOW()', FALSE),
    ('PKGSCHDL_PKG03_SLOT020_20251125', '73a6cb42-9218-40f1-8fa0-53621470c79b', 'SCHDL004_TUE', '2025-11-25', 6, 1, 2, 'NOW()', 'NOW()', FALSE),
    ('PKGSCHDL_PKG03_SLOT021_20251202', '73a6cb42-9218-40f1-8fa0-53621470c79b', 'SCHDL004_TUE', '2025-12-02', 5, 0, 2, 'NOW()', 'NOW()', FALSE),
    ('PKGSCHDL_PKG03_SLOT022_20251209', '73a6cb42-9218-40f1-8fa0-53621470c79b', 'SCHDL004_TUE', '2025-12-09', 3, 2, 2, 'NOW()', 'NOW()', FALSE),
    ('PKGSCHDL_PKG04_SLOT001_20251121', '792e128e-91f0-4630-80bc-79b0b29c0ad3', 'SCHDL008_FRI', '2025-11-21', 7, 2, 2, 'NOW()', 'NOW()', FALSE),
    ('PKGSCHDL_PKG04_SLOT002_20251128', '792e128e-91f0-4630-80bc-79b0b29c0ad3', 'SCHDL008_FRI', '2025-11-28', 9, 1, 2, 'NOW()', 'NOW()', FALSE),
    ('PKGSCHDL_PKG04_SLOT003_20251205', '792e128e-91f0-4630-80bc-79b0b29c0ad3', 'SCHDL008_FRI', '2025-12-05', 7, 2, 0, 'NOW()', 'NOW()', FALSE),
    ('PKGSCHDL_PKG04_SLOT004_20251212', '792e128e-91f0-4630-80bc-79b0b29c0ad3', 'SCHDL008_FRI', '2025-12-12', 5, 0, 0, 'NOW()', 'NOW()', FALSE),
    ('PKGSCHDL_PKG04_SLOT005_20251120', '792e128e-91f0-4630-80bc-79b0b29c0ad3', 'SCHDL001_THU', '2025-11-20', 5, 2, 2, 'NOW()', 'NOW()', FALSE),
    ('PKGSCHDL_PKG04_SLOT006_20251127', '792e128e-91f0-4630-80bc-79b0b29c0ad3', 'SCHDL001_THU', '2025-11-27', 10, 0, 1, 'NOW()', 'NOW()', FALSE),
    ('PKGSCHDL_PKG04_SLOT007_20251204', '792e128e-91f0-4630-80bc-79b0b29c0ad3', 'SCHDL001_THU', '2025-12-04', 10, 1, 1, 'NOW()', 'NOW()', FALSE),
    ('PKGSCHDL_PKG04_SLOT008_20251211', '792e128e-91f0-4630-80bc-79b0b29c0ad3', 'SCHDL001_THU', '2025-12-11', 5, 1, 0, 'NOW()', 'NOW()', FALSE),
    ('PKGSCHDL_PKG04_SLOT009_20251119', '792e128e-91f0-4630-80bc-79b0b29c0ad3', 'SCHDL005_WED', '2025-11-19', 9, 0, 2, 'NOW()', 'NOW()', FALSE),
    ('PKGSCHDL_PKG04_SLOT010_20251126', '792e128e-91f0-4630-80bc-79b0b29c0ad3', 'SCHDL005_WED', '2025-11-26', 3, 1, 0, 'NOW()', 'NOW()', FALSE),
    ('PKGSCHDL_PKG04_SLOT011_20251203', '792e128e-91f0-4630-80bc-79b0b29c0ad3', 'SCHDL005_WED', '2025-12-03', 8, 1, 2, 'NOW()', 'NOW()', FALSE),
    ('PKGSCHDL_PKG04_SLOT012_20251210', '792e128e-91f0-4630-80bc-79b0b29c0ad3', 'SCHDL005_WED', '2025-12-10', 3, 1, 0, 'NOW()', 'NOW()', FALSE),
    ('PKGSCHDL_PKG04_SLOT013_20251120', '792e128e-91f0-4630-80bc-79b0b29c0ad3', 'SCHDL016_THU', '2025-11-20', 4, 1, 1, 'NOW()', 'NOW()', FALSE),
    ('PKGSCHDL_PKG04_SLOT014_20251127', '792e128e-91f0-4630-80bc-79b0b29c0ad3', 'SCHDL016_THU', '2025-11-27', 8, 1, 2, 'NOW()', 'NOW()', FALSE),
    ('PKGSCHDL_PKG04_SLOT015_20251204', '792e128e-91f0-4630-80bc-79b0b29c0ad3', 'SCHDL016_THU', '2025-12-04', 6, 1, 1, 'NOW()', 'NOW()', FALSE),
    ('PKGSCHDL_PKG04_SLOT016_20251211', '792e128e-91f0-4630-80bc-79b0b29c0ad3', 'SCHDL016_THU', '2025-12-11', 8, 1, 0, 'NOW()', 'NOW()', FALSE),
    ('PKGSCHDL_PKG04_SLOT017_20251120', '792e128e-91f0-4630-80bc-79b0b29c0ad3', 'SCHDL002_THU', '2025-11-20', 7, 1, 0, 'NOW()', 'NOW()', FALSE),
    ('PKGSCHDL_PKG04_SLOT018_20251127', '792e128e-91f0-4630-80bc-79b0b29c0ad3', 'SCHDL002_THU', '2025-11-27', 6, 2, 0, 'NOW()', 'NOW()', FALSE),
    ('PKGSCHDL_PKG04_SLOT019_20251204', '792e128e-91f0-4630-80bc-79b0b29c0ad3', 'SCHDL002_THU', '2025-12-04', 5, 2, 1, 'NOW()', 'NOW()', FALSE),
    ('PKGSCHDL_PKG04_SLOT020_20251211', '792e128e-91f0-4630-80bc-79b0b29c0ad3', 'SCHDL002_THU', '2025-12-11', 10, 1, 2, 'NOW()', 'NOW()', FALSE),
    ('PKGSCHDL_PKG05_SLOT001_20251117', '2bdf2a5d-ac15-4a8e-84a0-4fc2ad9f34a9', 'SCHDL020_MON', '2025-11-17', 4, 0, 1, 'NOW()', 'NOW()', FALSE),
    ('PKGSCHDL_PKG05_SLOT002_20251124', '2bdf2a5d-ac15-4a8e-84a0-4fc2ad9f34a9', 'SCHDL020_MON', '2025-11-24', 10, 1, 0, 'NOW()', 'NOW()', FALSE),
    ('PKGSCHDL_PKG05_SLOT003_20251201', '2bdf2a5d-ac15-4a8e-84a0-4fc2ad9f34a9', 'SCHDL020_MON', '2025-12-01', 7, 0, 2, 'NOW()', 'NOW()', FALSE),
    ('PKGSCHDL_PKG05_SLOT004_20251208', '2bdf2a5d-ac15-4a8e-84a0-4fc2ad9f34a9', 'SCHDL020_MON', '2025-12-08', 6, 0, 0, 'NOW()', 'NOW()', FALSE),
    ('PKGSCHDL_PKG05_SLOT005_20251215', '2bdf2a5d-ac15-4a8e-84a0-4fc2ad9f34a9', 'SCHDL020_MON', '2025-12-15', 6, 2, 0, 'NOW()', 'NOW()', FALSE),
    ('PKGSCHDL_PKG05_SLOT006_20251122', '2bdf2a5d-ac15-4a8e-84a0-4fc2ad9f34a9', 'SCHDL001_SAT', '2025-11-22', 10, 1, 2, 'NOW()', 'NOW()', FALSE),
    ('PKGSCHDL_PKG05_SLOT007_20251129', '2bdf2a5d-ac15-4a8e-84a0-4fc2ad9f34a9', 'SCHDL001_SAT', '2025-11-29', 3, 1, 0, 'NOW()', 'NOW()', FALSE),
    ('PKGSCHDL_PKG05_SLOT008_20251206', '2bdf2a5d-ac15-4a8e-84a0-4fc2ad9f34a9', 'SCHDL001_SAT', '2025-12-06', 8, 2, 1, 'NOW()', 'NOW()', FALSE),
    ('PKGSCHDL_PKG05_SLOT009_20251213', '2bdf2a5d-ac15-4a8e-84a0-4fc2ad9f34a9', 'SCHDL001_SAT', '2025-12-13', 9, 2, 1, 'NOW()', 'NOW()', FALSE),
    ('PKGSCHDL_PKG05_SLOT010_20251118', '2bdf2a5d-ac15-4a8e-84a0-4fc2ad9f34a9', 'SCHDL017_TUE', '2025-11-18', 6, 2, 0, 'NOW()', 'NOW()', FALSE),
    ('PKGSCHDL_PKG05_SLOT011_20251125', '2bdf2a5d-ac15-4a8e-84a0-4fc2ad9f34a9', 'SCHDL017_TUE', '2025-11-25', 10, 2, 2, 'NOW()', 'NOW()', FALSE),
    ('PKGSCHDL_PKG05_SLOT012_20251202', '2bdf2a5d-ac15-4a8e-84a0-4fc2ad9f34a9', 'SCHDL017_TUE', '2025-12-02', 4, 1, 1, 'NOW()', 'NOW()', FALSE),
    ('PKGSCHDL_PKG05_SLOT013_20251209', '2bdf2a5d-ac15-4a8e-84a0-4fc2ad9f34a9', 'SCHDL017_TUE', '2025-12-09', 6, 0, 2, 'NOW()', 'NOW()', FALSE),
    ('PKGSCHDL_PKG05_SLOT014_20251120', '2bdf2a5d-ac15-4a8e-84a0-4fc2ad9f34a9', 'SCHDL005_THU', '2025-11-20', 3, 2, 0, 'NOW()', 'NOW()', FALSE),
    ('PKGSCHDL_PKG05_SLOT015_20251127', '2bdf2a5d-ac15-4a8e-84a0-4fc2ad9f34a9', 'SCHDL005_THU', '2025-11-27', 5, 1, 2, 'NOW()', 'NOW()', FALSE),
    ('PKGSCHDL_PKG05_SLOT016_20251204', '2bdf2a5d-ac15-4a8e-84a0-4fc2ad9f34a9', 'SCHDL005_THU', '2025-12-04', 3, 2, 2, 'NOW()', 'NOW()', FALSE),
    ('PKGSCHDL_PKG05_SLOT017_20251211', '2bdf2a5d-ac15-4a8e-84a0-4fc2ad9f34a9', 'SCHDL005_THU', '2025-12-11', 5, 0, 1, 'NOW()', 'NOW()', FALSE),
    ('PKGSCHDL_PKG05_SLOT018_20251119', '2bdf2a5d-ac15-4a8e-84a0-4fc2ad9f34a9', 'SCHDL013_WED', '2025-11-19', 4, 1, 1, 'NOW()', 'NOW()', FALSE),
    ('PKGSCHDL_PKG05_SLOT019_20251126', '2bdf2a5d-ac15-4a8e-84a0-4fc2ad9f34a9', 'SCHDL013_WED', '2025-11-26', 5, 1, 2, 'NOW()', 'NOW()', FALSE),
    ('PKGSCHDL_PKG05_SLOT020_20251203', '2bdf2a5d-ac15-4a8e-84a0-4fc2ad9f34a9', 'SCHDL013_WED', '2025-12-03', 3, 1, 1, 'NOW()', 'NOW()', FALSE),
    ('PKGSCHDL_PKG05_SLOT021_20251210', '2bdf2a5d-ac15-4a8e-84a0-4fc2ad9f34a9', 'SCHDL013_WED', '2025-12-10', 8, 0, 1, 'NOW()', 'NOW()', FALSE),
    ('PKGSCHDL_PKG05_SLOT022_20251118', '2bdf2a5d-ac15-4a8e-84a0-4fc2ad9f34a9', 'SCHDL021_TUE', '2025-11-18', 6, 1, 2, 'NOW()', 'NOW()', FALSE),
    ('PKGSCHDL_PKG05_SLOT023_20251125', '2bdf2a5d-ac15-4a8e-84a0-4fc2ad9f34a9', 'SCHDL021_TUE', '2025-11-25', 10, 2, 1, 'NOW()', 'NOW()', FALSE),
    ('PKGSCHDL_PKG05_SLOT024_20251202', '2bdf2a5d-ac15-4a8e-84a0-4fc2ad9f34a9', 'SCHDL021_TUE', '2025-12-02', 9, 2, 1, 'NOW()', 'NOW()', FALSE),
    ('PKGSCHDL_PKG05_SLOT025_20251209', '2bdf2a5d-ac15-4a8e-84a0-4fc2ad9f34a9', 'SCHDL021_TUE', '2025-12-09', 6, 2, 1, 'NOW()', 'NOW()', FALSE),
    ('PKGSCHDL_PKG05_SLOT026_20251122', '2bdf2a5d-ac15-4a8e-84a0-4fc2ad9f34a9', 'SCHDL019_SAT', '2025-11-22', 6, 1, 2, 'NOW()', 'NOW()', FALSE),
    ('PKGSCHDL_PKG05_SLOT027_20251129', '2bdf2a5d-ac15-4a8e-84a0-4fc2ad9f34a9', 'SCHDL019_SAT', '2025-11-29', 9, 1, 1, 'NOW()', 'NOW()', FALSE),
    ('PKGSCHDL_PKG05_SLOT028_20251206', '2bdf2a5d-ac15-4a8e-84a0-4fc2ad9f34a9', 'SCHDL019_SAT', '2025-12-06', 8, 2, 1, 'NOW()', 'NOW()', FALSE),
    ('PKGSCHDL_PKG05_SLOT029_20251213', '2bdf2a5d-ac15-4a8e-84a0-4fc2ad9f34a9', 'SCHDL019_SAT', '2025-12-13', 8, 2, 0, 'NOW()', 'NOW()', FALSE),
    ('PKGSCHDL_PKG05_SLOT030_20251122', '2bdf2a5d-ac15-4a8e-84a0-4fc2ad9f34a9', 'SCHDL002_SAT', '2025-11-22', 4, 2, 0, 'NOW()', 'NOW()', FALSE),
    ('PKGSCHDL_PKG05_SLOT031_20251129', '2bdf2a5d-ac15-4a8e-84a0-4fc2ad9f34a9', 'SCHDL002_SAT', '2025-11-29', 3, 1, 2, 'NOW()', 'NOW()', FALSE),
    ('PKGSCHDL_PKG05_SLOT032_20251206', '2bdf2a5d-ac15-4a8e-84a0-4fc2ad9f34a9', 'SCHDL002_SAT', '2025-12-06', 10, 0, 2, 'NOW()', 'NOW()', FALSE),
    ('PKGSCHDL_PKG05_SLOT033_20251213', '2bdf2a5d-ac15-4a8e-84a0-4fc2ad9f34a9', 'SCHDL002_SAT', '2025-12-13', 8, 1, 0, 'NOW()', 'NOW()', FALSE),
    ('PKGSCHDL_PKG06_SLOT001_20251118', 'd4c090ab-aa00-4d34-8edc-2218b919fd29', 'SCHDL018_TUE', '2025-11-18', 6, 0, 1, 'NOW()', 'NOW()', FALSE),
    ('PKGSCHDL_PKG06_SLOT002_20251125', 'd4c090ab-aa00-4d34-8edc-2218b919fd29', 'SCHDL018_TUE', '2025-11-25', 10, 0, 2, 'NOW()', 'NOW()', FALSE),
    ('PKGSCHDL_PKG06_SLOT003_20251202', 'd4c090ab-aa00-4d34-8edc-2218b919fd29', 'SCHDL018_TUE', '2025-12-02', 6, 1, 1, 'NOW()', 'NOW()', FALSE),
    ('PKGSCHDL_PKG06_SLOT004_20251209', 'd4c090ab-aa00-4d34-8edc-2218b919fd29', 'SCHDL018_TUE', '2025-12-09', 7, 2, 1, 'NOW()', 'NOW()', FALSE),
    ('PKGSCHDL_PKG06_SLOT005_20251121', 'd4c090ab-aa00-4d34-8edc-2218b919fd29', 'SCHDL011_FRI', '2025-11-21', 8, 0, 1, 'NOW()', 'NOW()', FALSE),
    ('PKGSCHDL_PKG06_SLOT006_20251128', 'd4c090ab-aa00-4d34-8edc-2218b919fd29', 'SCHDL011_FRI', '2025-11-28', 7, 2, 1, 'NOW()', 'NOW()', FALSE),
    ('PKGSCHDL_PKG06_SLOT007_20251205', 'd4c090ab-aa00-4d34-8edc-2218b919fd29', 'SCHDL011_FRI', '2025-12-05', 9, 2, 1, 'NOW()', 'NOW()', FALSE),
    ('PKGSCHDL_PKG06_SLOT008_20251212', 'd4c090ab-aa00-4d34-8edc-2218b919fd29', 'SCHDL011_FRI', '2025-12-12', 9, 0, 2, 'NOW()', 'NOW()', FALSE),
    ('PKGSCHDL_PKG06_SLOT009_20251119', 'd4c090ab-aa00-4d34-8edc-2218b919fd29', 'SCHDL003_WED', '2025-11-19', 4, 0, 0, 'NOW()', 'NOW()', FALSE),
    ('PKGSCHDL_PKG06_SLOT010_20251126', 'd4c090ab-aa00-4d34-8edc-2218b919fd29', 'SCHDL003_WED', '2025-11-26', 4, 1, 0, 'NOW()', 'NOW()', FALSE),
    ('PKGSCHDL_PKG06_SLOT011_20251203', 'd4c090ab-aa00-4d34-8edc-2218b919fd29', 'SCHDL003_WED', '2025-12-03', 6, 2, 0, 'NOW()', 'NOW()', FALSE),
    ('PKGSCHDL_PKG06_SLOT012_20251210', 'd4c090ab-aa00-4d34-8edc-2218b919fd29', 'SCHDL003_WED', '2025-12-10', 8, 0, 2, 'NOW()', 'NOW()', FALSE),
    ('PKGSCHDL_PKG06_SLOT013_20251118', 'd4c090ab-aa00-4d34-8edc-2218b919fd29', 'SCHDL012_TUE', '2025-11-18', 9, 1, 2, 'NOW()', 'NOW()', FALSE),
    ('PKGSCHDL_PKG06_SLOT014_20251125', 'd4c090ab-aa00-4d34-8edc-2218b919fd29', 'SCHDL012_TUE', '2025-11-25', 10, 0, 0, 'NOW()', 'NOW()', FALSE),
    ('PKGSCHDL_PKG06_SLOT015_20251202', 'd4c090ab-aa00-4d34-8edc-2218b919fd29', 'SCHDL012_TUE', '2025-12-02', 8, 2, 2, 'NOW()', 'NOW()', FALSE),
    ('PKGSCHDL_PKG06_SLOT016_20251209', 'd4c090ab-aa00-4d34-8edc-2218b919fd29', 'SCHDL012_TUE', '2025-12-09', 4, 1, 2, 'NOW()', 'NOW()', FALSE),
    ('PKGSCHDL_PKG06_SLOT017_20251121', 'd4c090ab-aa00-4d34-8edc-2218b919fd29', 'SCHDL009_FRI', '2025-11-21', 7, 2, 2, 'NOW()', 'NOW()', FALSE),
    ('PKGSCHDL_PKG06_SLOT018_20251128', 'd4c090ab-aa00-4d34-8edc-2218b919fd29', 'SCHDL009_FRI', '2025-11-28', 9, 1, 0, 'NOW()', 'NOW()', FALSE),
    ('PKGSCHDL_PKG06_SLOT019_20251205', 'd4c090ab-aa00-4d34-8edc-2218b919fd29', 'SCHDL009_FRI', '2025-12-05', 10, 1, 1, 'NOW()', 'NOW()', FALSE),
    ('PKGSCHDL_PKG06_SLOT020_20251212', 'd4c090ab-aa00-4d34-8edc-2218b919fd29', 'SCHDL009_FRI', '2025-12-12', 8, 1, 1, 'NOW()', 'NOW()', FALSE),
    ('PKGSCHDL_PKG06_SLOT021_20251120', 'd4c090ab-aa00-4d34-8edc-2218b919fd29', 'SCHDL020_THU', '2025-11-20', 8, 1, 2, 'NOW()', 'NOW()', FALSE),
    ('PKGSCHDL_PKG06_SLOT022_20251127', 'd4c090ab-aa00-4d34-8edc-2218b919fd29', 'SCHDL020_THU', '2025-11-27', 8, 1, 0, 'NOW()', 'NOW()', FALSE),
    ('PKGSCHDL_PKG06_SLOT023_20251204', 'd4c090ab-aa00-4d34-8edc-2218b919fd29', 'SCHDL020_THU', '2025-12-04', 8, 2, 0, 'NOW()', 'NOW()', FALSE),
    ('PKGSCHDL_PKG06_SLOT024_20251211', 'd4c090ab-aa00-4d34-8edc-2218b919fd29', 'SCHDL020_THU', '2025-12-11', 9, 2, 1, 'NOW()', 'NOW()', FALSE),
    ('PKGSCHDL_PKG06_SLOT025_20251119', 'd4c090ab-aa00-4d34-8edc-2218b919fd29', 'SCHDL004_WED', '2025-11-19', 7, 2, 1, 'NOW()', 'NOW()', FALSE),
    ('PKGSCHDL_PKG06_SLOT026_20251126', 'd4c090ab-aa00-4d34-8edc-2218b919fd29', 'SCHDL004_WED', '2025-11-26', 5, 0, 1, 'NOW()', 'NOW()', FALSE),
    ('PKGSCHDL_PKG06_SLOT027_20251203', 'd4c090ab-aa00-4d34-8edc-2218b919fd29', 'SCHDL004_WED', '2025-12-03', 3, 0, 0, 'NOW()', 'NOW()', FALSE),
    ('PKGSCHDL_PKG06_SLOT028_20251210', 'd4c090ab-aa00-4d34-8edc-2218b919fd29', 'SCHDL004_WED', '2025-12-10', 7, 1, 2, 'NOW()', 'NOW()', FALSE),
    ('PKGSCHDL_PKG07_SLOT001_20251117', 'ecc3723e-cdc2-44a3-9772-12d6556f44dd', 'SCHDL017_MON', '2025-11-17', 6, 2, 2, 'NOW()', 'NOW()', FALSE),
    ('PKGSCHDL_PKG07_SLOT002_20251124', 'ecc3723e-cdc2-44a3-9772-12d6556f44dd', 'SCHDL017_MON', '2025-11-24', 8, 0, 2, 'NOW()', 'NOW()', FALSE),
    ('PKGSCHDL_PKG07_SLOT003_20251201', 'ecc3723e-cdc2-44a3-9772-12d6556f44dd', 'SCHDL017_MON', '2025-12-01', 9, 0, 0, 'NOW()', 'NOW()', FALSE),
    ('PKGSCHDL_PKG07_SLOT004_20251208', 'ecc3723e-cdc2-44a3-9772-12d6556f44dd', 'SCHDL017_MON', '2025-12-08', 6, 0, 0, 'NOW()', 'NOW()', FALSE),
    ('PKGSCHDL_PKG07_SLOT005_20251215', 'ecc3723e-cdc2-44a3-9772-12d6556f44dd', 'SCHDL017_MON', '2025-12-15', 3, 0, 0, 'NOW()', 'NOW()', FALSE),
    ('PKGSCHDL_PKG07_SLOT006_20251120', 'ecc3723e-cdc2-44a3-9772-12d6556f44dd', 'SCHDL005_THU', '2025-11-20', 7, 1, 2, 'NOW()', 'NOW()', FALSE),
    ('PKGSCHDL_PKG07_SLOT007_20251127', 'ecc3723e-cdc2-44a3-9772-12d6556f44dd', 'SCHDL005_THU', '2025-11-27', 8, 1, 0, 'NOW()', 'NOW()', FALSE),
    ('PKGSCHDL_PKG07_SLOT008_20251204', 'ecc3723e-cdc2-44a3-9772-12d6556f44dd', 'SCHDL005_THU', '2025-12-04', 10, 0, 1, 'NOW()', 'NOW()', FALSE),
    ('PKGSCHDL_PKG07_SLOT009_20251211', 'ecc3723e-cdc2-44a3-9772-12d6556f44dd', 'SCHDL005_THU', '2025-12-11', 8, 0, 0, 'NOW()', 'NOW()', FALSE),
    ('PKGSCHDL_PKG07_SLOT010_20251122', 'ecc3723e-cdc2-44a3-9772-12d6556f44dd', 'SCHDL011_SAT', '2025-11-22', 9, 0, 1, 'NOW()', 'NOW()', FALSE),
    ('PKGSCHDL_PKG07_SLOT011_20251129', 'ecc3723e-cdc2-44a3-9772-12d6556f44dd', 'SCHDL011_SAT', '2025-11-29', 3, 2, 2, 'NOW()', 'NOW()', FALSE),
    ('PKGSCHDL_PKG07_SLOT012_20251206', 'ecc3723e-cdc2-44a3-9772-12d6556f44dd', 'SCHDL011_SAT', '2025-12-06', 3, 0, 2, 'NOW()', 'NOW()', FALSE),
    ('PKGSCHDL_PKG07_SLOT013_20251213', 'ecc3723e-cdc2-44a3-9772-12d6556f44dd', 'SCHDL011_SAT', '2025-12-13', 6, 2, 2, 'NOW()', 'NOW()', FALSE),
    ('PKGSCHDL_PKG07_SLOT014_20251116', 'ecc3723e-cdc2-44a3-9772-12d6556f44dd', 'SCHDL012_SUN', '2025-11-16', 7, 0, 2, 'NOW()', 'NOW()', FALSE),
    ('PKGSCHDL_PKG07_SLOT015_20251123', 'ecc3723e-cdc2-44a3-9772-12d6556f44dd', 'SCHDL012_SUN', '2025-11-23', 10, 1, 2, 'NOW()', 'NOW()', FALSE),
    ('PKGSCHDL_PKG07_SLOT016_20251130', 'ecc3723e-cdc2-44a3-9772-12d6556f44dd', 'SCHDL012_SUN', '2025-11-30', 3, 0, 0, 'NOW()', 'NOW()', FALSE),
    ('PKGSCHDL_PKG07_SLOT017_20251207', 'ecc3723e-cdc2-44a3-9772-12d6556f44dd', 'SCHDL012_SUN', '2025-12-07', 9, 2, 1, 'NOW()', 'NOW()', FALSE),
    ('PKGSCHDL_PKG07_SLOT018_20251214', 'ecc3723e-cdc2-44a3-9772-12d6556f44dd', 'SCHDL012_SUN', '2025-12-14', 7, 0, 1, 'NOW()', 'NOW()', FALSE),
    ('PKGSCHDL_PKG07_SLOT019_20251120', 'ecc3723e-cdc2-44a3-9772-12d6556f44dd', 'SCHDL006_THU', '2025-11-20', 3, 1, 2, 'NOW()', 'NOW()', FALSE),
    ('PKGSCHDL_PKG07_SLOT020_20251127', 'ecc3723e-cdc2-44a3-9772-12d6556f44dd', 'SCHDL006_THU', '2025-11-27', 6, 1, 1, 'NOW()', 'NOW()', FALSE),
    ('PKGSCHDL_PKG07_SLOT021_20251204', 'ecc3723e-cdc2-44a3-9772-12d6556f44dd', 'SCHDL006_THU', '2025-12-04', 10, 1, 1, 'NOW()', 'NOW()', FALSE),
    ('PKGSCHDL_PKG07_SLOT022_20251211', 'ecc3723e-cdc2-44a3-9772-12d6556f44dd', 'SCHDL006_THU', '2025-12-11', 5, 1, 0, 'NOW()', 'NOW()', FALSE),
    ('PKGSCHDL_PKG08_SLOT001_20251120', '7f8312e9-67a6-4470-a1a7-d4cc597a9626', 'SCHDL002_THU', '2025-11-20', 7, 1, 1, 'NOW()', 'NOW()', FALSE),
    ('PKGSCHDL_PKG08_SLOT002_20251127', '7f8312e9-67a6-4470-a1a7-d4cc597a9626', 'SCHDL002_THU', '2025-11-27', 8, 0, 1, 'NOW()', 'NOW()', FALSE),
    ('PKGSCHDL_PKG08_SLOT003_20251204', '7f8312e9-67a6-4470-a1a7-d4cc597a9626', 'SCHDL002_THU', '2025-12-04', 6, 0, 2, 'NOW()', 'NOW()', FALSE),
    ('PKGSCHDL_PKG08_SLOT004_20251211', '7f8312e9-67a6-4470-a1a7-d4cc597a9626', 'SCHDL002_THU', '2025-12-11', 10, 0, 1, 'NOW()', 'NOW()', FALSE),
    ('PKGSCHDL_PKG08_SLOT005_20251116', '7f8312e9-67a6-4470-a1a7-d4cc597a9626', 'SCHDL012_SUN', '2025-11-16', 7, 1, 0, 'NOW()', 'NOW()', FALSE),
    ('PKGSCHDL_PKG08_SLOT006_20251123', '7f8312e9-67a6-4470-a1a7-d4cc597a9626', 'SCHDL012_SUN', '2025-11-23', 7, 2, 1, 'NOW()', 'NOW()', FALSE),
    ('PKGSCHDL_PKG08_SLOT007_20251130', '7f8312e9-67a6-4470-a1a7-d4cc597a9626', 'SCHDL012_SUN', '2025-11-30', 5, 0, 2, 'NOW()', 'NOW()', FALSE),
    ('PKGSCHDL_PKG08_SLOT008_20251207', '7f8312e9-67a6-4470-a1a7-d4cc597a9626', 'SCHDL012_SUN', '2025-12-07', 8, 2, 2, 'NOW()', 'NOW()', FALSE),
    ('PKGSCHDL_PKG08_SLOT009_20251214', '7f8312e9-67a6-4470-a1a7-d4cc597a9626', 'SCHDL012_SUN', '2025-12-14', 6, 2, 2, 'NOW()', 'NOW()', FALSE),
    ('PKGSCHDL_PKG08_SLOT010_20251118', '7f8312e9-67a6-4470-a1a7-d4cc597a9626', 'SCHDL017_TUE', '2025-11-18', 10, 2, 0, 'NOW()', 'NOW()', FALSE),
    ('PKGSCHDL_PKG08_SLOT011_20251125', '7f8312e9-67a6-4470-a1a7-d4cc597a9626', 'SCHDL017_TUE', '2025-11-25', 10, 2, 2, 'NOW()', 'NOW()', FALSE),
    ('PKGSCHDL_PKG08_SLOT012_20251202', '7f8312e9-67a6-4470-a1a7-d4cc597a9626', 'SCHDL017_TUE', '2025-12-02', 10, 0, 2, 'NOW()', 'NOW()', FALSE),
    ('PKGSCHDL_PKG08_SLOT013_20251209', '7f8312e9-67a6-4470-a1a7-d4cc597a9626', 'SCHDL017_TUE', '2025-12-09', 10, 0, 0, 'NOW()', 'NOW()', FALSE),
    ('PKGSCHDL_PKG08_SLOT014_20251116', '7f8312e9-67a6-4470-a1a7-d4cc597a9626', 'SCHDL007_SUN', '2025-11-16', 7, 1, 2, 'NOW()', 'NOW()', FALSE),
    ('PKGSCHDL_PKG08_SLOT015_20251123', '7f8312e9-67a6-4470-a1a7-d4cc597a9626', 'SCHDL007_SUN', '2025-11-23', 3, 1, 2, 'NOW()', 'NOW()', FALSE),
    ('PKGSCHDL_PKG08_SLOT016_20251130', '7f8312e9-67a6-4470-a1a7-d4cc597a9626', 'SCHDL007_SUN', '2025-11-30', 10, 1, 0, 'NOW()', 'NOW()', FALSE),
    ('PKGSCHDL_PKG08_SLOT017_20251207', '7f8312e9-67a6-4470-a1a7-d4cc597a9626', 'SCHDL007_SUN', '2025-12-07', 6, 0, 1, 'NOW()', 'NOW()', FALSE),
    ('PKGSCHDL_PKG08_SLOT018_20251214', '7f8312e9-67a6-4470-a1a7-d4cc597a9626', 'SCHDL007_SUN', '2025-12-14', 4, 0, 2, 'NOW()', 'NOW()', FALSE),
    ('PKGSCHDL_PKG08_SLOT019_20251120', '7f8312e9-67a6-4470-a1a7-d4cc597a9626', 'SCHDL019_THU', '2025-11-20', 6, 0, 0, 'NOW()', 'NOW()', FALSE),
    ('PKGSCHDL_PKG08_SLOT020_20251127', '7f8312e9-67a6-4470-a1a7-d4cc597a9626', 'SCHDL019_THU', '2025-11-27', 5, 1, 1, 'NOW()', 'NOW()', FALSE),
    ('PKGSCHDL_PKG08_SLOT021_20251204', '7f8312e9-67a6-4470-a1a7-d4cc597a9626', 'SCHDL019_THU', '2025-12-04', 6, 1, 1, 'NOW()', 'NOW()', FALSE),
    ('PKGSCHDL_PKG08_SLOT022_20251211', '7f8312e9-67a6-4470-a1a7-d4cc597a9626', 'SCHDL019_THU', '2025-12-11', 7, 0, 2, 'NOW()', 'NOW()', FALSE),
    ('PKGSCHDL_PKG08_SLOT023_20251120', '7f8312e9-67a6-4470-a1a7-d4cc597a9626', 'SCHDL003_THU', '2025-11-20', 10, 1, 1, 'NOW()', 'NOW()', FALSE),
    ('PKGSCHDL_PKG08_SLOT024_20251127', '7f8312e9-67a6-4470-a1a7-d4cc597a9626', 'SCHDL003_THU', '2025-11-27', 6, 0, 1, 'NOW()', 'NOW()', FALSE),
    ('PKGSCHDL_PKG08_SLOT025_20251204', '7f8312e9-67a6-4470-a1a7-d4cc597a9626', 'SCHDL003_THU', '2025-12-04', 9, 1, 2, 'NOW()', 'NOW()', FALSE),
    ('PKGSCHDL_PKG08_SLOT026_20251211', '7f8312e9-67a6-4470-a1a7-d4cc597a9626', 'SCHDL003_THU', '2025-12-11', 10, 0, 0, 'NOW()', 'NOW()', FALSE),
    ('PKGSCHDL_PKG09_SLOT001_20251119', '83872d60-9134-4b2a-8881-a97eb38ed70f', 'SCHDL001_WED', '2025-11-19', 4, 2, 0, 'NOW()', 'NOW()', FALSE),
    ('PKGSCHDL_PKG09_SLOT002_20251126', '83872d60-9134-4b2a-8881-a97eb38ed70f', 'SCHDL001_WED', '2025-11-26', 10, 1, 1, 'NOW()', 'NOW()', FALSE),
    ('PKGSCHDL_PKG09_SLOT003_20251203', '83872d60-9134-4b2a-8881-a97eb38ed70f', 'SCHDL001_WED', '2025-12-03', 10, 1, 2, 'NOW()', 'NOW()', FALSE),
    ('PKGSCHDL_PKG09_SLOT004_20251210', '83872d60-9134-4b2a-8881-a97eb38ed70f', 'SCHDL001_WED', '2025-12-10', 8, 2, 0, 'NOW()', 'NOW()', FALSE),
    ('PKGSCHDL_PKG09_SLOT005_20251121', '83872d60-9134-4b2a-8881-a97eb38ed70f', 'SCHDL015_FRI', '2025-11-21', 9, 1, 2, 'NOW()', 'NOW()', FALSE),
    ('PKGSCHDL_PKG09_SLOT006_20251128', '83872d60-9134-4b2a-8881-a97eb38ed70f', 'SCHDL015_FRI', '2025-11-28', 6, 0, 1, 'NOW()', 'NOW()', FALSE),
    ('PKGSCHDL_PKG09_SLOT007_20251205', '83872d60-9134-4b2a-8881-a97eb38ed70f', 'SCHDL015_FRI', '2025-12-05', 5, 0, 1, 'NOW()', 'NOW()', FALSE),
    ('PKGSCHDL_PKG09_SLOT008_20251212', '83872d60-9134-4b2a-8881-a97eb38ed70f', 'SCHDL015_FRI', '2025-12-12', 6, 2, 0, 'NOW()', 'NOW()', FALSE),
    ('PKGSCHDL_PKG09_SLOT009_20251122', '83872d60-9134-4b2a-8881-a97eb38ed70f', 'SCHDL020_SAT', '2025-11-22', 4, 0, 1, 'NOW()', 'NOW()', FALSE),
    ('PKGSCHDL_PKG09_SLOT010_20251129', '83872d60-9134-4b2a-8881-a97eb38ed70f', 'SCHDL020_SAT', '2025-11-29', 8, 2, 2, 'NOW()', 'NOW()', FALSE),
    ('PKGSCHDL_PKG09_SLOT011_20251206', '83872d60-9134-4b2a-8881-a97eb38ed70f', 'SCHDL020_SAT', '2025-12-06', 4, 0, 1, 'NOW()', 'NOW()', FALSE),
    ('PKGSCHDL_PKG09_SLOT012_20251213', '83872d60-9134-4b2a-8881-a97eb38ed70f', 'SCHDL020_SAT', '2025-12-13', 9, 2, 0, 'NOW()', 'NOW()', FALSE),
    ('PKGSCHDL_PKG09_SLOT013_20251122', '83872d60-9134-4b2a-8881-a97eb38ed70f', 'SCHDL007_SAT', '2025-11-22', 10, 0, 1, 'NOW()', 'NOW()', FALSE),
    ('PKGSCHDL_PKG09_SLOT014_20251129', '83872d60-9134-4b2a-8881-a97eb38ed70f', 'SCHDL007_SAT', '2025-11-29', 5, 1, 2, 'NOW()', 'NOW()', FALSE),
    ('PKGSCHDL_PKG09_SLOT015_20251206', '83872d60-9134-4b2a-8881-a97eb38ed70f', 'SCHDL007_SAT', '2025-12-06', 4, 2, 2, 'NOW()', 'NOW()', FALSE),
    ('PKGSCHDL_PKG09_SLOT016_20251213', '83872d60-9134-4b2a-8881-a97eb38ed70f', 'SCHDL007_SAT', '2025-12-13', 3, 2, 1, 'NOW()', 'NOW()', FALSE),
    ('PKGSCHDL_PKG09_SLOT017_20251119', '83872d60-9134-4b2a-8881-a97eb38ed70f', 'SCHDL017_WED', '2025-11-19', 8, 1, 2, 'NOW()', 'NOW()', FALSE),
    ('PKGSCHDL_PKG09_SLOT018_20251126', '83872d60-9134-4b2a-8881-a97eb38ed70f', 'SCHDL017_WED', '2025-11-26', 9, 0, 1, 'NOW()', 'NOW()', FALSE),
    ('PKGSCHDL_PKG09_SLOT019_20251203', '83872d60-9134-4b2a-8881-a97eb38ed70f', 'SCHDL017_WED', '2025-12-03', 6, 2, 2, 'NOW()', 'NOW()', FALSE),
    ('PKGSCHDL_PKG09_SLOT020_20251210', '83872d60-9134-4b2a-8881-a97eb38ed70f', 'SCHDL017_WED', '2025-12-10', 5, 2, 1, 'NOW()', 'NOW()', FALSE),
    ('PKGSCHDL_PKG09_SLOT021_20251117', '83872d60-9134-4b2a-8881-a97eb38ed70f', 'SCHDL014_MON', '2025-11-17', 3, 0, 2, 'NOW()', 'NOW()', FALSE),
    ('PKGSCHDL_PKG09_SLOT022_20251124', '83872d60-9134-4b2a-8881-a97eb38ed70f', 'SCHDL014_MON', '2025-11-24', 7, 2, 0, 'NOW()', 'NOW()', FALSE),
    ('PKGSCHDL_PKG09_SLOT023_20251201', '83872d60-9134-4b2a-8881-a97eb38ed70f', 'SCHDL014_MON', '2025-12-01', 6, 2, 1, 'NOW()', 'NOW()', FALSE),
    ('PKGSCHDL_PKG09_SLOT024_20251208', '83872d60-9134-4b2a-8881-a97eb38ed70f', 'SCHDL014_MON', '2025-12-08', 9, 0, 1, 'NOW()', 'NOW()', FALSE),
    ('PKGSCHDL_PKG09_SLOT025_20251215', '83872d60-9134-4b2a-8881-a97eb38ed70f', 'SCHDL014_MON', '2025-12-15', 6, 0, 1, 'NOW()', 'NOW()', FALSE),
    ('PKGSCHDL_PKG09_SLOT026_20251121', '83872d60-9134-4b2a-8881-a97eb38ed70f', 'SCHDL007_FRI', '2025-11-21', 6, 1, 2, 'NOW()', 'NOW()', FALSE),
    ('PKGSCHDL_PKG09_SLOT027_20251128', '83872d60-9134-4b2a-8881-a97eb38ed70f', 'SCHDL007_FRI', '2025-11-28', 6, 2, 2, 'NOW()', 'NOW()', FALSE),
    ('PKGSCHDL_PKG09_SLOT028_20251205', '83872d60-9134-4b2a-8881-a97eb38ed70f', 'SCHDL007_FRI', '2025-12-05', 4, 0, 2, 'NOW()', 'NOW()', FALSE),
    ('PKGSCHDL_PKG09_SLOT029_20251212', '83872d60-9134-4b2a-8881-a97eb38ed70f', 'SCHDL007_FRI', '2025-12-12', 7, 2, 2, 'NOW()', 'NOW()', FALSE),
    ('PKGSCHDL_PKG09_SLOT030_20251119', '83872d60-9134-4b2a-8881-a97eb38ed70f', 'SCHDL002_WED', '2025-11-19', 4, 2, 0, 'NOW()', 'NOW()', FALSE),
    ('PKGSCHDL_PKG09_SLOT031_20251126', '83872d60-9134-4b2a-8881-a97eb38ed70f', 'SCHDL002_WED', '2025-11-26', 5, 0, 2, 'NOW()', 'NOW()', FALSE),
    ('PKGSCHDL_PKG09_SLOT032_20251203', '83872d60-9134-4b2a-8881-a97eb38ed70f', 'SCHDL002_WED', '2025-12-03', 5, 2, 2, 'NOW()', 'NOW()', FALSE),
    ('PKGSCHDL_PKG09_SLOT033_20251210', '83872d60-9134-4b2a-8881-a97eb38ed70f', 'SCHDL002_WED', '2025-12-10', 6, 2, 0, 'NOW()', 'NOW()', FALSE),
    ('PKGSCHDL_PKG10_SLOT001_20251117', '850152b0-5317-4083-bc8e-d511b992cf45', 'SCHDL015_MON', '2025-11-17', 9, 1, 1, 'NOW()', 'NOW()', FALSE),
    ('PKGSCHDL_PKG10_SLOT002_20251124', '850152b0-5317-4083-bc8e-d511b992cf45', 'SCHDL015_MON', '2025-11-24', 4, 0, 0, 'NOW()', 'NOW()', FALSE),
    ('PKGSCHDL_PKG10_SLOT003_20251201', '850152b0-5317-4083-bc8e-d511b992cf45', 'SCHDL015_MON', '2025-12-01', 3, 0, 2, 'NOW()', 'NOW()', FALSE),
    ('PKGSCHDL_PKG10_SLOT004_20251208', '850152b0-5317-4083-bc8e-d511b992cf45', 'SCHDL015_MON', '2025-12-08', 7, 2, 2, 'NOW()', 'NOW()', FALSE),
    ('PKGSCHDL_PKG10_SLOT005_20251215', '850152b0-5317-4083-bc8e-d511b992cf45', 'SCHDL015_MON', '2025-12-15', 7, 2, 0, 'NOW()', 'NOW()', FALSE),
    ('PKGSCHDL_PKG10_SLOT006_20251118', '850152b0-5317-4083-bc8e-d511b992cf45', 'SCHDL012_TUE', '2025-11-18', 8, 0, 0, 'NOW()', 'NOW()', FALSE),
    ('PKGSCHDL_PKG10_SLOT007_20251125', '850152b0-5317-4083-bc8e-d511b992cf45', 'SCHDL012_TUE', '2025-11-25', 10, 0, 0, 'NOW()', 'NOW()', FALSE),
    ('PKGSCHDL_PKG10_SLOT008_20251202', '850152b0-5317-4083-bc8e-d511b992cf45', 'SCHDL012_TUE', '2025-12-02', 7, 1, 2, 'NOW()', 'NOW()', FALSE),
    ('PKGSCHDL_PKG10_SLOT009_20251209', '850152b0-5317-4083-bc8e-d511b992cf45', 'SCHDL012_TUE', '2025-12-09', 5, 1, 1, 'NOW()', 'NOW()', FALSE),
    ('PKGSCHDL_PKG10_SLOT010_20251120', '850152b0-5317-4083-bc8e-d511b992cf45', 'SCHDL012_THU', '2025-11-20', 3, 0, 2, 'NOW()', 'NOW()', FALSE),
    ('PKGSCHDL_PKG10_SLOT011_20251127', '850152b0-5317-4083-bc8e-d511b992cf45', 'SCHDL012_THU', '2025-11-27', 8, 2, 1, 'NOW()', 'NOW()', FALSE),
    ('PKGSCHDL_PKG10_SLOT012_20251204', '850152b0-5317-4083-bc8e-d511b992cf45', 'SCHDL012_THU', '2025-12-04', 4, 1, 0, 'NOW()', 'NOW()', FALSE),
    ('PKGSCHDL_PKG10_SLOT013_20251211', '850152b0-5317-4083-bc8e-d511b992cf45', 'SCHDL012_THU', '2025-12-11', 7, 0, 2, 'NOW()', 'NOW()', FALSE),
    ('PKGSCHDL_PKG10_SLOT014_20251121', '850152b0-5317-4083-bc8e-d511b992cf45', 'SCHDL013_FRI', '2025-11-21', 5, 1, 2, 'NOW()', 'NOW()', FALSE),
    ('PKGSCHDL_PKG10_SLOT015_20251128', '850152b0-5317-4083-bc8e-d511b992cf45', 'SCHDL013_FRI', '2025-11-28', 4, 0, 0, 'NOW()', 'NOW()', FALSE),
    ('PKGSCHDL_PKG10_SLOT016_20251205', '850152b0-5317-4083-bc8e-d511b992cf45', 'SCHDL013_FRI', '2025-12-05', 9, 1, 1, 'NOW()', 'NOW()', FALSE),
    ('PKGSCHDL_PKG10_SLOT017_20251212', '850152b0-5317-4083-bc8e-d511b992cf45', 'SCHDL013_FRI', '2025-12-12', 9, 0, 2, 'NOW()', 'NOW()', FALSE),
    ('PKGSCHDL_PKG10_SLOT018_20251120', '850152b0-5317-4083-bc8e-d511b992cf45', 'SCHDL007_THU', '2025-11-20', 4, 0, 2, 'NOW()', 'NOW()', FALSE),
    ('PKGSCHDL_PKG10_SLOT019_20251127', '850152b0-5317-4083-bc8e-d511b992cf45', 'SCHDL007_THU', '2025-11-27', 3, 0, 1, 'NOW()', 'NOW()', FALSE),
    ('PKGSCHDL_PKG10_SLOT020_20251204', '850152b0-5317-4083-bc8e-d511b992cf45', 'SCHDL007_THU', '2025-12-04', 4, 0, 1, 'NOW()', 'NOW()', FALSE),
    ('PKGSCHDL_PKG10_SLOT021_20251211', '850152b0-5317-4083-bc8e-d511b992cf45', 'SCHDL007_THU', '2025-12-11', 4, 2, 2, 'NOW()', 'NOW()', FALSE),
    ('PKGSCHDL_PKG10_SLOT022_20251121', '850152b0-5317-4083-bc8e-d511b992cf45', 'SCHDL004_FRI', '2025-11-21', 4, 0, 2, 'NOW()', 'NOW()', FALSE),
    ('PKGSCHDL_PKG10_SLOT023_20251128', '850152b0-5317-4083-bc8e-d511b992cf45', 'SCHDL004_FRI', '2025-11-28', 4, 1, 2, 'NOW()', 'NOW()', FALSE),
    ('PKGSCHDL_PKG10_SLOT024_20251205', '850152b0-5317-4083-bc8e-d511b992cf45', 'SCHDL004_FRI', '2025-12-05', 4, 1, 2, 'NOW()', 'NOW()', FALSE),
    ('PKGSCHDL_PKG10_SLOT025_20251212', '850152b0-5317-4083-bc8e-d511b992cf45', 'SCHDL004_FRI', '2025-12-12', 10, 1, 1, 'NOW()', 'NOW()', FALSE),
    ('PKGSCHDL_PKG11_SLOT001_20251122', '6a84fb7a-7209-4878-b495-9ba373b0d604', 'SCHDL003_SAT', '2025-11-22', 5, 2, 2, 'NOW()', 'NOW()', FALSE),
    ('PKGSCHDL_PKG11_SLOT002_20251129', '6a84fb7a-7209-4878-b495-9ba373b0d604', 'SCHDL003_SAT', '2025-11-29', 10, 0, 1, 'NOW()', 'NOW()', FALSE),
    ('PKGSCHDL_PKG11_SLOT003_20251206', '6a84fb7a-7209-4878-b495-9ba373b0d604', 'SCHDL003_SAT', '2025-12-06', 9, 2, 2, 'NOW()', 'NOW()', FALSE),
    ('PKGSCHDL_PKG11_SLOT004_20251213', '6a84fb7a-7209-4878-b495-9ba373b0d604', 'SCHDL003_SAT', '2025-12-13', 7, 2, 0, 'NOW()', 'NOW()', FALSE),
    ('PKGSCHDL_PKG11_SLOT005_20251116', '6a84fb7a-7209-4878-b495-9ba373b0d604', 'SCHDL012_SUN', '2025-11-16', 8, 0, 1, 'NOW()', 'NOW()', FALSE),
    ('PKGSCHDL_PKG11_SLOT006_20251123', '6a84fb7a-7209-4878-b495-9ba373b0d604', 'SCHDL012_SUN', '2025-11-23', 4, 0, 1, 'NOW()', 'NOW()', FALSE),
    ('PKGSCHDL_PKG11_SLOT007_20251130', '6a84fb7a-7209-4878-b495-9ba373b0d604', 'SCHDL012_SUN', '2025-11-30', 8, 1, 0, 'NOW()', 'NOW()', FALSE),
    ('PKGSCHDL_PKG11_SLOT008_20251207', '6a84fb7a-7209-4878-b495-9ba373b0d604', 'SCHDL012_SUN', '2025-12-07', 9, 2, 0, 'NOW()', 'NOW()', FALSE),
    ('PKGSCHDL_PKG11_SLOT009_20251214', '6a84fb7a-7209-4878-b495-9ba373b0d604', 'SCHDL012_SUN', '2025-12-14', 10, 2, 2, 'NOW()', 'NOW()', FALSE),
    ('PKGSCHDL_PKG11_SLOT010_20251119', '6a84fb7a-7209-4878-b495-9ba373b0d604', 'SCHDL008_WED', '2025-11-19', 9, 1, 2, 'NOW()', 'NOW()', FALSE),
    ('PKGSCHDL_PKG11_SLOT011_20251126', '6a84fb7a-7209-4878-b495-9ba373b0d604', 'SCHDL008_WED', '2025-11-26', 8, 0, 0, 'NOW()', 'NOW()', FALSE),
    ('PKGSCHDL_PKG11_SLOT012_20251203', '6a84fb7a-7209-4878-b495-9ba373b0d604', 'SCHDL008_WED', '2025-12-03', 6, 1, 1, 'NOW()', 'NOW()', FALSE),
    ('PKGSCHDL_PKG11_SLOT013_20251210', '6a84fb7a-7209-4878-b495-9ba373b0d604', 'SCHDL008_WED', '2025-12-10', 10, 1, 0, 'NOW()', 'NOW()', FALSE),
    ('PKGSCHDL_PKG11_SLOT014_20251118', '6a84fb7a-7209-4878-b495-9ba373b0d604', 'SCHDL012_TUE', '2025-11-18', 7, 1, 1, 'NOW()', 'NOW()', FALSE),
    ('PKGSCHDL_PKG11_SLOT015_20251125', '6a84fb7a-7209-4878-b495-9ba373b0d604', 'SCHDL012_TUE', '2025-11-25', 4, 1, 0, 'NOW()', 'NOW()', FALSE),
    ('PKGSCHDL_PKG11_SLOT016_20251202', '6a84fb7a-7209-4878-b495-9ba373b0d604', 'SCHDL012_TUE', '2025-12-02', 5, 2, 1, 'NOW()', 'NOW()', FALSE),
    ('PKGSCHDL_PKG11_SLOT017_20251209', '6a84fb7a-7209-4878-b495-9ba373b0d604', 'SCHDL012_TUE', '2025-12-09', 3, 1, 2, 'NOW()', 'NOW()', FALSE),
    ('PKGSCHDL_PKG11_SLOT018_20251119', '6a84fb7a-7209-4878-b495-9ba373b0d604', 'SCHDL003_WED', '2025-11-19', 6, 0, 1, 'NOW()', 'NOW()', FALSE),
    ('PKGSCHDL_PKG11_SLOT019_20251126', '6a84fb7a-7209-4878-b495-9ba373b0d604', 'SCHDL003_WED', '2025-11-26', 10, 2, 0, 'NOW()', 'NOW()', FALSE),
    ('PKGSCHDL_PKG11_SLOT020_20251203', '6a84fb7a-7209-4878-b495-9ba373b0d604', 'SCHDL003_WED', '2025-12-03', 8, 0, 2, 'NOW()', 'NOW()', FALSE),
    ('PKGSCHDL_PKG11_SLOT021_20251210', '6a84fb7a-7209-4878-b495-9ba373b0d604', 'SCHDL003_WED', '2025-12-10', 10, 1, 0, 'NOW()', 'NOW()', FALSE),
    ('PKGSCHDL_PKG11_SLOT022_20251117', '6a84fb7a-7209-4878-b495-9ba373b0d604', 'SCHDL010_MON', '2025-11-17', 3, 2, 1, 'NOW()', 'NOW()', FALSE),
    ('PKGSCHDL_PKG11_SLOT023_20251124', '6a84fb7a-7209-4878-b495-9ba373b0d604', 'SCHDL010_MON', '2025-11-24', 8, 2, 0, 'NOW()', 'NOW()', FALSE),
    ('PKGSCHDL_PKG11_SLOT024_20251201', '6a84fb7a-7209-4878-b495-9ba373b0d604', 'SCHDL010_MON', '2025-12-01', 3, 0, 0, 'NOW()', 'NOW()', FALSE),
    ('PKGSCHDL_PKG11_SLOT025_20251208', '6a84fb7a-7209-4878-b495-9ba373b0d604', 'SCHDL010_MON', '2025-12-08', 5, 1, 0, 'NOW()', 'NOW()', FALSE),
    ('PKGSCHDL_PKG11_SLOT026_20251215', '6a84fb7a-7209-4878-b495-9ba373b0d604', 'SCHDL010_MON', '2025-12-15', 3, 2, 0, 'NOW()', 'NOW()', FALSE),
    ('PKGSCHDL_PKG11_SLOT027_20251122', '6a84fb7a-7209-4878-b495-9ba373b0d604', 'SCHDL021_SAT', '2025-11-22', 5, 2, 0, 'NOW()', 'NOW()', FALSE),
    ('PKGSCHDL_PKG11_SLOT028_20251129', '6a84fb7a-7209-4878-b495-9ba373b0d604', 'SCHDL021_SAT', '2025-11-29', 6, 1, 1, 'NOW()', 'NOW()', FALSE),
    ('PKGSCHDL_PKG11_SLOT029_20251206', '6a84fb7a-7209-4878-b495-9ba373b0d604', 'SCHDL021_SAT', '2025-12-06', 10, 1, 2, 'NOW()', 'NOW()', FALSE),
    ('PKGSCHDL_PKG11_SLOT030_20251213', '6a84fb7a-7209-4878-b495-9ba373b0d604', 'SCHDL021_SAT', '2025-12-13', 4, 1, 1, 'NOW()', 'NOW()', FALSE),
    ('PKGSCHDL_PKG11_SLOT031_20251121', '6a84fb7a-7209-4878-b495-9ba373b0d604', 'SCHDL003_FRI', '2025-11-21', 7, 0, 2, 'NOW()', 'NOW()', FALSE),
    ('PKGSCHDL_PKG11_SLOT032_20251128', '6a84fb7a-7209-4878-b495-9ba373b0d604', 'SCHDL003_FRI', '2025-11-28', 4, 1, 0, 'NOW()', 'NOW()', FALSE),
    ('PKGSCHDL_PKG11_SLOT033_20251205', '6a84fb7a-7209-4878-b495-9ba373b0d604', 'SCHDL003_FRI', '2025-12-05', 3, 2, 0, 'NOW()', 'NOW()', FALSE),
    ('PKGSCHDL_PKG11_SLOT034_20251212', '6a84fb7a-7209-4878-b495-9ba373b0d604', 'SCHDL003_FRI', '2025-12-12', 6, 1, 0, 'NOW()', 'NOW()', FALSE),
    ('PKGSCHDL_PKG12_SLOT001_20251116', '43aac31b-05d9-4cfc-ad7a-71edf9a8f7b1', 'SCHDL012_SUN', '2025-11-16', 7, 0, 0, 'NOW()', 'NOW()', FALSE),
    ('PKGSCHDL_PKG12_SLOT002_20251123', '43aac31b-05d9-4cfc-ad7a-71edf9a8f7b1', 'SCHDL012_SUN', '2025-11-23', 9, 2, 2, 'NOW()', 'NOW()', FALSE),
    ('PKGSCHDL_PKG12_SLOT003_20251130', '43aac31b-05d9-4cfc-ad7a-71edf9a8f7b1', 'SCHDL012_SUN', '2025-11-30', 6, 0, 2, 'NOW()', 'NOW()', FALSE),
    ('PKGSCHDL_PKG12_SLOT004_20251207', '43aac31b-05d9-4cfc-ad7a-71edf9a8f7b1', 'SCHDL012_SUN', '2025-12-07', 6, 2, 2, 'NOW()', 'NOW()', FALSE),
    ('PKGSCHDL_PKG12_SLOT005_20251214', '43aac31b-05d9-4cfc-ad7a-71edf9a8f7b1', 'SCHDL012_SUN', '2025-12-14', 3, 0, 2, 'NOW()', 'NOW()', FALSE),
    ('PKGSCHDL_PKG12_SLOT006_20251122', '43aac31b-05d9-4cfc-ad7a-71edf9a8f7b1', 'SCHDL016_SAT', '2025-11-22', 8, 2, 2, 'NOW()', 'NOW()', FALSE),
    ('PKGSCHDL_PKG12_SLOT007_20251129', '43aac31b-05d9-4cfc-ad7a-71edf9a8f7b1', 'SCHDL016_SAT', '2025-11-29', 10, 1, 0, 'NOW()', 'NOW()', FALSE),
    ('PKGSCHDL_PKG12_SLOT008_20251206', '43aac31b-05d9-4cfc-ad7a-71edf9a8f7b1', 'SCHDL016_SAT', '2025-12-06', 3, 1, 0, 'NOW()', 'NOW()', FALSE),
    ('PKGSCHDL_PKG12_SLOT009_20251213', '43aac31b-05d9-4cfc-ad7a-71edf9a8f7b1', 'SCHDL016_SAT', '2025-12-13', 8, 0, 1, 'NOW()', 'NOW()', FALSE),
    ('PKGSCHDL_PKG12_SLOT010_20251120', '43aac31b-05d9-4cfc-ad7a-71edf9a8f7b1', 'SCHDL018_THU', '2025-11-20', 8, 0, 1, 'NOW()', 'NOW()', FALSE),
    ('PKGSCHDL_PKG12_SLOT011_20251127', '43aac31b-05d9-4cfc-ad7a-71edf9a8f7b1', 'SCHDL018_THU', '2025-11-27', 4, 0, 0, 'NOW()', 'NOW()', FALSE),
    ('PKGSCHDL_PKG12_SLOT012_20251204', '43aac31b-05d9-4cfc-ad7a-71edf9a8f7b1', 'SCHDL018_THU', '2025-12-04', 7, 2, 0, 'NOW()', 'NOW()', FALSE),
    ('PKGSCHDL_PKG12_SLOT013_20251211', '43aac31b-05d9-4cfc-ad7a-71edf9a8f7b1', 'SCHDL018_THU', '2025-12-11', 7, 1, 0, 'NOW()', 'NOW()', FALSE),
    ('PKGSCHDL_PKG12_SLOT014_20251120', '43aac31b-05d9-4cfc-ad7a-71edf9a8f7b1', 'SCHDL017_THU', '2025-11-20', 10, 1, 2, 'NOW()', 'NOW()', FALSE),
    ('PKGSCHDL_PKG12_SLOT015_20251127', '43aac31b-05d9-4cfc-ad7a-71edf9a8f7b1', 'SCHDL017_THU', '2025-11-27', 10, 0, 1, 'NOW()', 'NOW()', FALSE),
    ('PKGSCHDL_PKG12_SLOT016_20251204', '43aac31b-05d9-4cfc-ad7a-71edf9a8f7b1', 'SCHDL017_THU', '2025-12-04', 9, 1, 1, 'NOW()', 'NOW()', FALSE),
    ('PKGSCHDL_PKG12_SLOT017_20251211', '43aac31b-05d9-4cfc-ad7a-71edf9a8f7b1', 'SCHDL017_THU', '2025-12-11', 3, 2, 1, 'NOW()', 'NOW()', FALSE),
    ('PKGSCHDL_PKG12_SLOT018_20251122', '43aac31b-05d9-4cfc-ad7a-71edf9a8f7b1', 'SCHDL017_SAT', '2025-11-22', 8, 0, 2, 'NOW()', 'NOW()', FALSE),
    ('PKGSCHDL_PKG12_SLOT019_20251129', '43aac31b-05d9-4cfc-ad7a-71edf9a8f7b1', 'SCHDL017_SAT', '2025-11-29', 8, 0, 0, 'NOW()', 'NOW()', FALSE),
    ('PKGSCHDL_PKG12_SLOT020_20251206', '43aac31b-05d9-4cfc-ad7a-71edf9a8f7b1', 'SCHDL017_SAT', '2025-12-06', 9, 1, 2, 'NOW()', 'NOW()', FALSE),
    ('PKGSCHDL_PKG12_SLOT021_20251213', '43aac31b-05d9-4cfc-ad7a-71edf9a8f7b1', 'SCHDL017_SAT', '2025-12-13', 5, 2, 1, 'NOW()', 'NOW()', FALSE),
    ('PKGSCHDL_PKG12_SLOT022_20251122', '43aac31b-05d9-4cfc-ad7a-71edf9a8f7b1', 'SCHDL010_SAT', '2025-11-22', 3, 2, 0, 'NOW()', 'NOW()', FALSE),
    ('PKGSCHDL_PKG12_SLOT023_20251129', '43aac31b-05d9-4cfc-ad7a-71edf9a8f7b1', 'SCHDL010_SAT', '2025-11-29', 6, 2, 2, 'NOW()', 'NOW()', FALSE),
    ('PKGSCHDL_PKG12_SLOT024_20251206', '43aac31b-05d9-4cfc-ad7a-71edf9a8f7b1', 'SCHDL010_SAT', '2025-12-06', 7, 1, 2, 'NOW()', 'NOW()', FALSE),
    ('PKGSCHDL_PKG12_SLOT025_20251213', '43aac31b-05d9-4cfc-ad7a-71edf9a8f7b1', 'SCHDL010_SAT', '2025-12-13', 8, 2, 1, 'NOW()', 'NOW()', FALSE),
    ('PKGSCHDL_PKG13_SLOT001_20251118', '0ebc6126-7564-44c9-8f72-54532f3dc0c4', 'SCHDL002_TUE', '2025-11-18', 10, 2, 2, 'NOW()', 'NOW()', FALSE),
    ('PKGSCHDL_PKG13_SLOT002_20251125', '0ebc6126-7564-44c9-8f72-54532f3dc0c4', 'SCHDL002_TUE', '2025-11-25', 4, 0, 1, 'NOW()', 'NOW()', FALSE),
    ('PKGSCHDL_PKG13_SLOT003_20251202', '0ebc6126-7564-44c9-8f72-54532f3dc0c4', 'SCHDL002_TUE', '2025-12-02', 3, 2, 2, 'NOW()', 'NOW()', FALSE),
    ('PKGSCHDL_PKG13_SLOT004_20251209', '0ebc6126-7564-44c9-8f72-54532f3dc0c4', 'SCHDL002_TUE', '2025-12-09', 7, 0, 0, 'NOW()', 'NOW()', FALSE),
    ('PKGSCHDL_PKG13_SLOT005_20251119', '0ebc6126-7564-44c9-8f72-54532f3dc0c4', 'SCHDL016_WED', '2025-11-19', 8, 0, 2, 'NOW()', 'NOW()', FALSE),
    ('PKGSCHDL_PKG13_SLOT006_20251126', '0ebc6126-7564-44c9-8f72-54532f3dc0c4', 'SCHDL016_WED', '2025-11-26', 8, 0, 0, 'NOW()', 'NOW()', FALSE),
    ('PKGSCHDL_PKG13_SLOT007_20251203', '0ebc6126-7564-44c9-8f72-54532f3dc0c4', 'SCHDL016_WED', '2025-12-03', 6, 0, 2, 'NOW()', 'NOW()', FALSE),
    ('PKGSCHDL_PKG13_SLOT008_20251210', '0ebc6126-7564-44c9-8f72-54532f3dc0c4', 'SCHDL016_WED', '2025-12-10', 8, 2, 0, 'NOW()', 'NOW()', FALSE),
    ('PKGSCHDL_PKG13_SLOT009_20251118', '0ebc6126-7564-44c9-8f72-54532f3dc0c4', 'SCHDL021_TUE', '2025-11-18', 3, 1, 0, 'NOW()', 'NOW()', FALSE),
    ('PKGSCHDL_PKG13_SLOT010_20251125', '0ebc6126-7564-44c9-8f72-54532f3dc0c4', 'SCHDL021_TUE', '2025-11-25', 5, 1, 2, 'NOW()', 'NOW()', FALSE),
    ('PKGSCHDL_PKG13_SLOT011_20251202', '0ebc6126-7564-44c9-8f72-54532f3dc0c4', 'SCHDL021_TUE', '2025-12-02', 7, 2, 0, 'NOW()', 'NOW()', FALSE),
    ('PKGSCHDL_PKG13_SLOT012_20251209', '0ebc6126-7564-44c9-8f72-54532f3dc0c4', 'SCHDL021_TUE', '2025-12-09', 5, 0, 2, 'NOW()', 'NOW()', FALSE),
    ('PKGSCHDL_PKG13_SLOT013_20251119', '0ebc6126-7564-44c9-8f72-54532f3dc0c4', 'SCHDL001_WED', '2025-11-19', 3, 0, 2, 'NOW()', 'NOW()', FALSE),
    ('PKGSCHDL_PKG13_SLOT014_20251126', '0ebc6126-7564-44c9-8f72-54532f3dc0c4', 'SCHDL001_WED', '2025-11-26', 4, 0, 1, 'NOW()', 'NOW()', FALSE),
    ('PKGSCHDL_PKG13_SLOT015_20251203', '0ebc6126-7564-44c9-8f72-54532f3dc0c4', 'SCHDL001_WED', '2025-12-03', 6, 0, 2, 'NOW()', 'NOW()', FALSE),
    ('PKGSCHDL_PKG13_SLOT016_20251210', '0ebc6126-7564-44c9-8f72-54532f3dc0c4', 'SCHDL001_WED', '2025-12-10', 4, 2, 1, 'NOW()', 'NOW()', FALSE),
    ('PKGSCHDL_PKG13_SLOT017_20251119', '0ebc6126-7564-44c9-8f72-54532f3dc0c4', 'SCHDL002_WED', '2025-11-19', 3, 1, 2, 'NOW()', 'NOW()', FALSE),
    ('PKGSCHDL_PKG13_SLOT018_20251126', '0ebc6126-7564-44c9-8f72-54532f3dc0c4', 'SCHDL002_WED', '2025-11-26', 5, 0, 1, 'NOW()', 'NOW()', FALSE),
    ('PKGSCHDL_PKG13_SLOT019_20251203', '0ebc6126-7564-44c9-8f72-54532f3dc0c4', 'SCHDL002_WED', '2025-12-03', 6, 0, 0, 'NOW()', 'NOW()', FALSE),
    ('PKGSCHDL_PKG13_SLOT020_20251210', '0ebc6126-7564-44c9-8f72-54532f3dc0c4', 'SCHDL002_WED', '2025-12-10', 4, 0, 0, 'NOW()', 'NOW()', FALSE),
    ('PKGSCHDL_PKG14_SLOT001_20251117', 'efea1fd2-39ea-4d35-b2ae-e49e3887eaf2', 'SCHDL002_MON', '2025-11-17', 3, 2, 1, 'NOW()', 'NOW()', FALSE),
    ('PKGSCHDL_PKG14_SLOT002_20251124', 'efea1fd2-39ea-4d35-b2ae-e49e3887eaf2', 'SCHDL002_MON', '2025-11-24', 8, 0, 0, 'NOW()', 'NOW()', FALSE),
    ('PKGSCHDL_PKG14_SLOT003_20251201', 'efea1fd2-39ea-4d35-b2ae-e49e3887eaf2', 'SCHDL002_MON', '2025-12-01', 6, 2, 0, 'NOW()', 'NOW()', FALSE),
    ('PKGSCHDL_PKG14_SLOT004_20251208', 'efea1fd2-39ea-4d35-b2ae-e49e3887eaf2', 'SCHDL002_MON', '2025-12-08', 9, 2, 1, 'NOW()', 'NOW()', FALSE),
    ('PKGSCHDL_PKG14_SLOT005_20251215', 'efea1fd2-39ea-4d35-b2ae-e49e3887eaf2', 'SCHDL002_MON', '2025-12-15', 6, 1, 2, 'NOW()', 'NOW()', FALSE),
    ('PKGSCHDL_PKG14_SLOT006_20251116', 'efea1fd2-39ea-4d35-b2ae-e49e3887eaf2', 'SCHDL013_SUN', '2025-11-16', 9, 2, 0, 'NOW()', 'NOW()', FALSE),
    ('PKGSCHDL_PKG14_SLOT007_20251123', 'efea1fd2-39ea-4d35-b2ae-e49e3887eaf2', 'SCHDL013_SUN', '2025-11-23', 5, 1, 2, 'NOW()', 'NOW()', FALSE),
    ('PKGSCHDL_PKG14_SLOT008_20251130', 'efea1fd2-39ea-4d35-b2ae-e49e3887eaf2', 'SCHDL013_SUN', '2025-11-30', 6, 0, 2, 'NOW()', 'NOW()', FALSE),
    ('PKGSCHDL_PKG14_SLOT009_20251207', 'efea1fd2-39ea-4d35-b2ae-e49e3887eaf2', 'SCHDL013_SUN', '2025-12-07', 4, 0, 1, 'NOW()', 'NOW()', FALSE),
    ('PKGSCHDL_PKG14_SLOT010_20251214', 'efea1fd2-39ea-4d35-b2ae-e49e3887eaf2', 'SCHDL013_SUN', '2025-12-14', 5, 1, 0, 'NOW()', 'NOW()', FALSE),
    ('PKGSCHDL_PKG14_SLOT011_20251119', 'efea1fd2-39ea-4d35-b2ae-e49e3887eaf2', 'SCHDL019_WED', '2025-11-19', 6, 2, 1, 'NOW()', 'NOW()', FALSE),
    ('PKGSCHDL_PKG14_SLOT012_20251126', 'efea1fd2-39ea-4d35-b2ae-e49e3887eaf2', 'SCHDL019_WED', '2025-11-26', 4, 2, 2, 'NOW()', 'NOW()', FALSE),
    ('PKGSCHDL_PKG14_SLOT013_20251203', 'efea1fd2-39ea-4d35-b2ae-e49e3887eaf2', 'SCHDL019_WED', '2025-12-03', 4, 1, 1, 'NOW()', 'NOW()', FALSE),
    ('PKGSCHDL_PKG14_SLOT014_20251210', 'efea1fd2-39ea-4d35-b2ae-e49e3887eaf2', 'SCHDL019_WED', '2025-12-10', 4, 2, 1, 'NOW()', 'NOW()', FALSE),
    ('PKGSCHDL_PKG14_SLOT015_20251117', 'efea1fd2-39ea-4d35-b2ae-e49e3887eaf2', 'SCHDL005_MON', '2025-11-17', 7, 1, 1, 'NOW()', 'NOW()', FALSE),
    ('PKGSCHDL_PKG14_SLOT016_20251124', 'efea1fd2-39ea-4d35-b2ae-e49e3887eaf2', 'SCHDL005_MON', '2025-11-24', 10, 0, 1, 'NOW()', 'NOW()', FALSE),
    ('PKGSCHDL_PKG14_SLOT017_20251201', 'efea1fd2-39ea-4d35-b2ae-e49e3887eaf2', 'SCHDL005_MON', '2025-12-01', 3, 1, 0, 'NOW()', 'NOW()', FALSE),
    ('PKGSCHDL_PKG14_SLOT018_20251208', 'efea1fd2-39ea-4d35-b2ae-e49e3887eaf2', 'SCHDL005_MON', '2025-12-08', 3, 0, 0, 'NOW()', 'NOW()', FALSE),
    ('PKGSCHDL_PKG14_SLOT019_20251215', 'efea1fd2-39ea-4d35-b2ae-e49e3887eaf2', 'SCHDL005_MON', '2025-12-15', 4, 0, 2, 'NOW()', 'NOW()', FALSE),
    ('PKGSCHDL_PKG14_SLOT020_20251118', 'efea1fd2-39ea-4d35-b2ae-e49e3887eaf2', 'SCHDL008_TUE', '2025-11-18', 10, 0, 1, 'NOW()', 'NOW()', FALSE),
    ('PKGSCHDL_PKG14_SLOT021_20251125', 'efea1fd2-39ea-4d35-b2ae-e49e3887eaf2', 'SCHDL008_TUE', '2025-11-25', 3, 0, 1, 'NOW()', 'NOW()', FALSE),
    ('PKGSCHDL_PKG14_SLOT022_20251202', 'efea1fd2-39ea-4d35-b2ae-e49e3887eaf2', 'SCHDL008_TUE', '2025-12-02', 6, 1, 2, 'NOW()', 'NOW()', FALSE),
    ('PKGSCHDL_PKG14_SLOT023_20251209', 'efea1fd2-39ea-4d35-b2ae-e49e3887eaf2', 'SCHDL008_TUE', '2025-12-09', 8, 2, 0, 'NOW()', 'NOW()', FALSE),
    ('PKGSCHDL_PKG14_SLOT024_20251117', 'efea1fd2-39ea-4d35-b2ae-e49e3887eaf2', 'SCHDL010_MON', '2025-11-17', 10, 2, 1, 'NOW()', 'NOW()', FALSE),
    ('PKGSCHDL_PKG14_SLOT025_20251124', 'efea1fd2-39ea-4d35-b2ae-e49e3887eaf2', 'SCHDL010_MON', '2025-11-24', 8, 1, 0, 'NOW()', 'NOW()', FALSE),
    ('PKGSCHDL_PKG14_SLOT026_20251201', 'efea1fd2-39ea-4d35-b2ae-e49e3887eaf2', 'SCHDL010_MON', '2025-12-01', 9, 0, 1, 'NOW()', 'NOW()', FALSE),
    ('PKGSCHDL_PKG14_SLOT027_20251208', 'efea1fd2-39ea-4d35-b2ae-e49e3887eaf2', 'SCHDL010_MON', '2025-12-08', 5, 1, 1, 'NOW()', 'NOW()', FALSE),
    ('PKGSCHDL_PKG14_SLOT028_20251215', 'efea1fd2-39ea-4d35-b2ae-e49e3887eaf2', 'SCHDL010_MON', '2025-12-15', 9, 1, 0, 'NOW()', 'NOW()', FALSE),
    ('PKGSCHDL_PKG14_SLOT029_20251121', 'efea1fd2-39ea-4d35-b2ae-e49e3887eaf2', 'SCHDL019_FRI', '2025-11-21', 5, 0, 2, 'NOW()', 'NOW()', FALSE),
    ('PKGSCHDL_PKG14_SLOT030_20251128', 'efea1fd2-39ea-4d35-b2ae-e49e3887eaf2', 'SCHDL019_FRI', '2025-11-28', 8, 1, 2, 'NOW()', 'NOW()', FALSE),
    ('PKGSCHDL_PKG14_SLOT031_20251205', 'efea1fd2-39ea-4d35-b2ae-e49e3887eaf2', 'SCHDL019_FRI', '2025-12-05', 7, 0, 0, 'NOW()', 'NOW()', FALSE),
    ('PKGSCHDL_PKG14_SLOT032_20251212', 'efea1fd2-39ea-4d35-b2ae-e49e3887eaf2', 'SCHDL019_FRI', '2025-12-12', 3, 0, 2, 'NOW()', 'NOW()', FALSE),
    ('PKGSCHDL_PKG14_SLOT033_20251117', 'efea1fd2-39ea-4d35-b2ae-e49e3887eaf2', 'SCHDL003_MON', '2025-11-17', 10, 2, 1, 'NOW()', 'NOW()', FALSE),
    ('PKGSCHDL_PKG14_SLOT034_20251124', 'efea1fd2-39ea-4d35-b2ae-e49e3887eaf2', 'SCHDL003_MON', '2025-11-24', 5, 0, 2, 'NOW()', 'NOW()', FALSE),
    ('PKGSCHDL_PKG14_SLOT035_20251201', 'efea1fd2-39ea-4d35-b2ae-e49e3887eaf2', 'SCHDL003_MON', '2025-12-01', 5, 1, 2, 'NOW()', 'NOW()', FALSE),
    ('PKGSCHDL_PKG14_SLOT036_20251208', 'efea1fd2-39ea-4d35-b2ae-e49e3887eaf2', 'SCHDL003_MON', '2025-12-08', 10, 0, 0, 'NOW()', 'NOW()', FALSE),
    ('PKGSCHDL_PKG14_SLOT037_20251215', 'efea1fd2-39ea-4d35-b2ae-e49e3887eaf2', 'SCHDL003_MON', '2025-12-15', 3, 0, 1, 'NOW()', 'NOW()', FALSE),
    ('PKGSCHDL_PKG15_SLOT001_20251122', '46840b5b-7972-47ef-bd29-e54a857277e0', 'SCHDL017_SAT', '2025-11-22', 9, 0, 0, 'NOW()', 'NOW()', FALSE),
    ('PKGSCHDL_PKG15_SLOT002_20251129', '46840b5b-7972-47ef-bd29-e54a857277e0', 'SCHDL017_SAT', '2025-11-29', 4, 1, 0, 'NOW()', 'NOW()', FALSE),
    ('PKGSCHDL_PKG15_SLOT003_20251206', '46840b5b-7972-47ef-bd29-e54a857277e0', 'SCHDL017_SAT', '2025-12-06', 8, 2, 1, 'NOW()', 'NOW()', FALSE),
    ('PKGSCHDL_PKG15_SLOT004_20251213', '46840b5b-7972-47ef-bd29-e54a857277e0', 'SCHDL017_SAT', '2025-12-13', 4, 2, 2, 'NOW()', 'NOW()', FALSE),
    ('PKGSCHDL_PKG15_SLOT005_20251119', '46840b5b-7972-47ef-bd29-e54a857277e0', 'SCHDL007_WED', '2025-11-19', 3, 2, 1, 'NOW()', 'NOW()', FALSE),
    ('PKGSCHDL_PKG15_SLOT006_20251126', '46840b5b-7972-47ef-bd29-e54a857277e0', 'SCHDL007_WED', '2025-11-26', 8, 1, 2, 'NOW()', 'NOW()', FALSE),
    ('PKGSCHDL_PKG15_SLOT007_20251203', '46840b5b-7972-47ef-bd29-e54a857277e0', 'SCHDL007_WED', '2025-12-03', 7, 0, 1, 'NOW()', 'NOW()', FALSE),
    ('PKGSCHDL_PKG15_SLOT008_20251210', '46840b5b-7972-47ef-bd29-e54a857277e0', 'SCHDL007_WED', '2025-12-10', 5, 0, 0, 'NOW()', 'NOW()', FALSE),
    ('PKGSCHDL_PKG15_SLOT009_20251122', '46840b5b-7972-47ef-bd29-e54a857277e0', 'SCHDL001_SAT', '2025-11-22', 9, 0, 0, 'NOW()', 'NOW()', FALSE),
    ('PKGSCHDL_PKG15_SLOT010_20251129', '46840b5b-7972-47ef-bd29-e54a857277e0', 'SCHDL001_SAT', '2025-11-29', 9, 2, 0, 'NOW()', 'NOW()', FALSE),
    ('PKGSCHDL_PKG15_SLOT011_20251206', '46840b5b-7972-47ef-bd29-e54a857277e0', 'SCHDL001_SAT', '2025-12-06', 9, 1, 0, 'NOW()', 'NOW()', FALSE),
    ('PKGSCHDL_PKG15_SLOT012_20251213', '46840b5b-7972-47ef-bd29-e54a857277e0', 'SCHDL001_SAT', '2025-12-13', 8, 1, 0, 'NOW()', 'NOW()', FALSE),
    ('PKGSCHDL_PKG15_SLOT013_20251118', '46840b5b-7972-47ef-bd29-e54a857277e0', 'SCHDL002_TUE', '2025-11-18', 4, 2, 0, 'NOW()', 'NOW()', FALSE),
    ('PKGSCHDL_PKG15_SLOT014_20251125', '46840b5b-7972-47ef-bd29-e54a857277e0', 'SCHDL002_TUE', '2025-11-25', 6, 2, 2, 'NOW()', 'NOW()', FALSE),
    ('PKGSCHDL_PKG15_SLOT015_20251202', '46840b5b-7972-47ef-bd29-e54a857277e0', 'SCHDL002_TUE', '2025-12-02', 5, 1, 0, 'NOW()', 'NOW()', FALSE),
    ('PKGSCHDL_PKG15_SLOT016_20251209', '46840b5b-7972-47ef-bd29-e54a857277e0', 'SCHDL002_TUE', '2025-12-09', 5, 2, 2, 'NOW()', 'NOW()', FALSE),
    ('PKGSCHDL_PKG15_SLOT017_20251121', '46840b5b-7972-47ef-bd29-e54a857277e0', 'SCHDL014_FRI', '2025-11-21', 5, 0, 0, 'NOW()', 'NOW()', FALSE),
    ('PKGSCHDL_PKG15_SLOT018_20251128', '46840b5b-7972-47ef-bd29-e54a857277e0', 'SCHDL014_FRI', '2025-11-28', 8, 2, 0, 'NOW()', 'NOW()', FALSE),
    ('PKGSCHDL_PKG15_SLOT019_20251205', '46840b5b-7972-47ef-bd29-e54a857277e0', 'SCHDL014_FRI', '2025-12-05', 6, 1, 1, 'NOW()', 'NOW()', FALSE),
    ('PKGSCHDL_PKG15_SLOT020_20251212', '46840b5b-7972-47ef-bd29-e54a857277e0', 'SCHDL014_FRI', '2025-12-12', 10, 1, 2, 'NOW()', 'NOW()', FALSE),
    ('PKGSCHDL_PKG15_SLOT021_20251122', '46840b5b-7972-47ef-bd29-e54a857277e0', 'SCHDL002_SAT', '2025-11-22', 8, 0, 0, 'NOW()', 'NOW()', FALSE),
    ('PKGSCHDL_PKG15_SLOT022_20251129', '46840b5b-7972-47ef-bd29-e54a857277e0', 'SCHDL002_SAT', '2025-11-29', 3, 1, 0, 'NOW()', 'NOW()', FALSE),
    ('PKGSCHDL_PKG15_SLOT023_20251206', '46840b5b-7972-47ef-bd29-e54a857277e0', 'SCHDL002_SAT', '2025-12-06', 9, 1, 2, 'NOW()', 'NOW()', FALSE),
    ('PKGSCHDL_PKG15_SLOT024_20251213', '46840b5b-7972-47ef-bd29-e54a857277e0', 'SCHDL002_SAT', '2025-12-13', 6, 2, 0, 'NOW()', 'NOW()', FALSE),
    ('PKGSCHDL_PKG16_SLOT001_20251122', '94d16221-68fb-40dc-a0ce-9355b5cf64d7', 'SCHDL018_SAT', '2025-11-22', 9, 0, 0, 'NOW()', 'NOW()', FALSE),
    ('PKGSCHDL_PKG16_SLOT002_20251129', '94d16221-68fb-40dc-a0ce-9355b5cf64d7', 'SCHDL018_SAT', '2025-11-29', 3, 1, 0, 'NOW()', 'NOW()', FALSE),
    ('PKGSCHDL_PKG16_SLOT003_20251206', '94d16221-68fb-40dc-a0ce-9355b5cf64d7', 'SCHDL018_SAT', '2025-12-06', 3, 1, 0, 'NOW()', 'NOW()', FALSE),
    ('PKGSCHDL_PKG16_SLOT004_20251213', '94d16221-68fb-40dc-a0ce-9355b5cf64d7', 'SCHDL018_SAT', '2025-12-13', 6, 2, 2, 'NOW()', 'NOW()', FALSE),
    ('PKGSCHDL_PKG16_SLOT005_20251116', '94d16221-68fb-40dc-a0ce-9355b5cf64d7', 'SCHDL002_SUN', '2025-11-16', 10, 0, 1, 'NOW()', 'NOW()', FALSE),
    ('PKGSCHDL_PKG16_SLOT006_20251123', '94d16221-68fb-40dc-a0ce-9355b5cf64d7', 'SCHDL002_SUN', '2025-11-23', 8, 1, 1, 'NOW()', 'NOW()', FALSE),
    ('PKGSCHDL_PKG16_SLOT007_20251130', '94d16221-68fb-40dc-a0ce-9355b5cf64d7', 'SCHDL002_SUN', '2025-11-30', 9, 2, 0, 'NOW()', 'NOW()', FALSE),
    ('PKGSCHDL_PKG16_SLOT008_20251207', '94d16221-68fb-40dc-a0ce-9355b5cf64d7', 'SCHDL002_SUN', '2025-12-07', 7, 2, 2, 'NOW()', 'NOW()', FALSE),
    ('PKGSCHDL_PKG16_SLOT009_20251214', '94d16221-68fb-40dc-a0ce-9355b5cf64d7', 'SCHDL002_SUN', '2025-12-14', 4, 0, 1, 'NOW()', 'NOW()', FALSE),
    ('PKGSCHDL_PKG16_SLOT010_20251120', '94d16221-68fb-40dc-a0ce-9355b5cf64d7', 'SCHDL012_THU', '2025-11-20', 7, 1, 1, 'NOW()', 'NOW()', FALSE),
    ('PKGSCHDL_PKG16_SLOT011_20251127', '94d16221-68fb-40dc-a0ce-9355b5cf64d7', 'SCHDL012_THU', '2025-11-27', 3, 1, 1, 'NOW()', 'NOW()', FALSE),
    ('PKGSCHDL_PKG16_SLOT012_20251204', '94d16221-68fb-40dc-a0ce-9355b5cf64d7', 'SCHDL012_THU', '2025-12-04', 5, 2, 0, 'NOW()', 'NOW()', FALSE),
    ('PKGSCHDL_PKG16_SLOT013_20251211', '94d16221-68fb-40dc-a0ce-9355b5cf64d7', 'SCHDL012_THU', '2025-12-11', 9, 2, 1, 'NOW()', 'NOW()', FALSE),
    ('PKGSCHDL_PKG16_SLOT014_20251117', '94d16221-68fb-40dc-a0ce-9355b5cf64d7', 'SCHDL017_MON', '2025-11-17', 6, 2, 2, 'NOW()', 'NOW()', FALSE),
    ('PKGSCHDL_PKG16_SLOT015_20251124', '94d16221-68fb-40dc-a0ce-9355b5cf64d7', 'SCHDL017_MON', '2025-11-24', 3, 1, 0, 'NOW()', 'NOW()', FALSE),
    ('PKGSCHDL_PKG16_SLOT016_20251201', '94d16221-68fb-40dc-a0ce-9355b5cf64d7', 'SCHDL017_MON', '2025-12-01', 3, 1, 1, 'NOW()', 'NOW()', FALSE),
    ('PKGSCHDL_PKG16_SLOT017_20251208', '94d16221-68fb-40dc-a0ce-9355b5cf64d7', 'SCHDL017_MON', '2025-12-08', 4, 2, 1, 'NOW()', 'NOW()', FALSE),
    ('PKGSCHDL_PKG16_SLOT018_20251215', '94d16221-68fb-40dc-a0ce-9355b5cf64d7', 'SCHDL017_MON', '2025-12-15', 8, 0, 1, 'NOW()', 'NOW()', FALSE),
    ('PKGSCHDL_PKG16_SLOT019_20251120', '94d16221-68fb-40dc-a0ce-9355b5cf64d7', 'SCHDL022_THU', '2025-11-20', 6, 2, 2, 'NOW()', 'NOW()', FALSE),
    ('PKGSCHDL_PKG16_SLOT020_20251127', '94d16221-68fb-40dc-a0ce-9355b5cf64d7', 'SCHDL022_THU', '2025-11-27', 7, 2, 0, 'NOW()', 'NOW()', FALSE),
    ('PKGSCHDL_PKG16_SLOT021_20251204', '94d16221-68fb-40dc-a0ce-9355b5cf64d7', 'SCHDL022_THU', '2025-12-04', 6, 2, 0, 'NOW()', 'NOW()', FALSE),
    ('PKGSCHDL_PKG16_SLOT022_20251211', '94d16221-68fb-40dc-a0ce-9355b5cf64d7', 'SCHDL022_THU', '2025-12-11', 6, 2, 0, 'NOW()', 'NOW()', FALSE),
    ('PKGSCHDL_PKG16_SLOT023_20251116', '94d16221-68fb-40dc-a0ce-9355b5cf64d7', 'SCHDL003_SUN', '2025-11-16', 10, 2, 2, 'NOW()', 'NOW()', FALSE),
    ('PKGSCHDL_PKG16_SLOT024_20251123', '94d16221-68fb-40dc-a0ce-9355b5cf64d7', 'SCHDL003_SUN', '2025-11-23', 10, 0, 0, 'NOW()', 'NOW()', FALSE),
    ('PKGSCHDL_PKG16_SLOT025_20251130', '94d16221-68fb-40dc-a0ce-9355b5cf64d7', 'SCHDL003_SUN', '2025-11-30', 3, 2, 2, 'NOW()', 'NOW()', FALSE),
    ('PKGSCHDL_PKG16_SLOT026_20251207', '94d16221-68fb-40dc-a0ce-9355b5cf64d7', 'SCHDL003_SUN', '2025-12-07', 5, 2, 2, 'NOW()', 'NOW()', FALSE),
    ('PKGSCHDL_PKG16_SLOT027_20251214', '94d16221-68fb-40dc-a0ce-9355b5cf64d7', 'SCHDL003_SUN', '2025-12-14', 4, 2, 2, 'NOW()', 'NOW()', FALSE),
    ('PKGSCHDL_PKG17_SLOT001_20251120', '327736f3-f95a-46df-8c2e-d97682b1347f', 'SCHDL022_THU', '2025-11-20', 3, 0, 0, 'NOW()', 'NOW()', FALSE),
    ('PKGSCHDL_PKG17_SLOT002_20251127', '327736f3-f95a-46df-8c2e-d97682b1347f', 'SCHDL022_THU', '2025-11-27', 5, 1, 1, 'NOW()', 'NOW()', FALSE),
    ('PKGSCHDL_PKG17_SLOT003_20251204', '327736f3-f95a-46df-8c2e-d97682b1347f', 'SCHDL022_THU', '2025-12-04', 6, 2, 1, 'NOW()', 'NOW()', FALSE),
    ('PKGSCHDL_PKG17_SLOT004_20251211', '327736f3-f95a-46df-8c2e-d97682b1347f', 'SCHDL022_THU', '2025-12-11', 5, 2, 2, 'NOW()', 'NOW()', FALSE),
    ('PKGSCHDL_PKG17_SLOT005_20251120', '327736f3-f95a-46df-8c2e-d97682b1347f', 'SCHDL017_THU', '2025-11-20', 5, 2, 2, 'NOW()', 'NOW()', FALSE),
    ('PKGSCHDL_PKG17_SLOT006_20251127', '327736f3-f95a-46df-8c2e-d97682b1347f', 'SCHDL017_THU', '2025-11-27', 6, 2, 1, 'NOW()', 'NOW()', FALSE),
    ('PKGSCHDL_PKG17_SLOT007_20251204', '327736f3-f95a-46df-8c2e-d97682b1347f', 'SCHDL017_THU', '2025-12-04', 4, 1, 1, 'NOW()', 'NOW()', FALSE),
    ('PKGSCHDL_PKG17_SLOT008_20251211', '327736f3-f95a-46df-8c2e-d97682b1347f', 'SCHDL017_THU', '2025-12-11', 4, 2, 1, 'NOW()', 'NOW()', FALSE),
    ('PKGSCHDL_PKG17_SLOT009_20251119', '327736f3-f95a-46df-8c2e-d97682b1347f', 'SCHDL018_WED', '2025-11-19', 8, 2, 1, 'NOW()', 'NOW()', FALSE),
    ('PKGSCHDL_PKG17_SLOT010_20251126', '327736f3-f95a-46df-8c2e-d97682b1347f', 'SCHDL018_WED', '2025-11-26', 4, 1, 2, 'NOW()', 'NOW()', FALSE),
    ('PKGSCHDL_PKG17_SLOT011_20251203', '327736f3-f95a-46df-8c2e-d97682b1347f', 'SCHDL018_WED', '2025-12-03', 9, 1, 2, 'NOW()', 'NOW()', FALSE),
    ('PKGSCHDL_PKG17_SLOT012_20251210', '327736f3-f95a-46df-8c2e-d97682b1347f', 'SCHDL018_WED', '2025-12-10', 10, 1, 2, 'NOW()', 'NOW()', FALSE),
    ('PKGSCHDL_PKG17_SLOT013_20251117', '327736f3-f95a-46df-8c2e-d97682b1347f', 'SCHDL008_MON', '2025-11-17', 6, 2, 0, 'NOW()', 'NOW()', FALSE),
    ('PKGSCHDL_PKG17_SLOT014_20251124', '327736f3-f95a-46df-8c2e-d97682b1347f', 'SCHDL008_MON', '2025-11-24', 6, 2, 1, 'NOW()', 'NOW()', FALSE),
    ('PKGSCHDL_PKG17_SLOT015_20251201', '327736f3-f95a-46df-8c2e-d97682b1347f', 'SCHDL008_MON', '2025-12-01', 4, 2, 1, 'NOW()', 'NOW()', FALSE),
    ('PKGSCHDL_PKG17_SLOT016_20251208', '327736f3-f95a-46df-8c2e-d97682b1347f', 'SCHDL008_MON', '2025-12-08', 9, 1, 0, 'NOW()', 'NOW()', FALSE),
    ('PKGSCHDL_PKG17_SLOT017_20251215', '327736f3-f95a-46df-8c2e-d97682b1347f', 'SCHDL008_MON', '2025-12-15', 5, 1, 0, 'NOW()', 'NOW()', FALSE),
    ('PKGSCHDL_PKG17_SLOT018_20251119', '327736f3-f95a-46df-8c2e-d97682b1347f', 'SCHDL003_WED', '2025-11-19', 10, 0, 1, 'NOW()', 'NOW()', FALSE),
    ('PKGSCHDL_PKG17_SLOT019_20251126', '327736f3-f95a-46df-8c2e-d97682b1347f', 'SCHDL003_WED', '2025-11-26', 9, 2, 2, 'NOW()', 'NOW()', FALSE),
    ('PKGSCHDL_PKG17_SLOT020_20251203', '327736f3-f95a-46df-8c2e-d97682b1347f', 'SCHDL003_WED', '2025-12-03', 9, 0, 0, 'NOW()', 'NOW()', FALSE),
    ('PKGSCHDL_PKG17_SLOT021_20251210', '327736f3-f95a-46df-8c2e-d97682b1347f', 'SCHDL003_WED', '2025-12-10', 6, 2, 2, 'NOW()', 'NOW()', FALSE),
    ('PKGSCHDL_PKG18_SLOT001_20251120', '2933a7d6-dcaa-48dd-bb35-e5e7969eb074', 'SCHDL018_THU', '2025-11-20', 5, 1, 0, 'NOW()', 'NOW()', FALSE),
    ('PKGSCHDL_PKG18_SLOT002_20251127', '2933a7d6-dcaa-48dd-bb35-e5e7969eb074', 'SCHDL018_THU', '2025-11-27', 9, 2, 1, 'NOW()', 'NOW()', FALSE),
    ('PKGSCHDL_PKG18_SLOT003_20251204', '2933a7d6-dcaa-48dd-bb35-e5e7969eb074', 'SCHDL018_THU', '2025-12-04', 5, 1, 0, 'NOW()', 'NOW()', FALSE),
    ('PKGSCHDL_PKG18_SLOT004_20251211', '2933a7d6-dcaa-48dd-bb35-e5e7969eb074', 'SCHDL018_THU', '2025-12-11', 8, 1, 0, 'NOW()', 'NOW()', FALSE),
    ('PKGSCHDL_PKG18_SLOT005_20251117', '2933a7d6-dcaa-48dd-bb35-e5e7969eb074', 'SCHDL008_MON', '2025-11-17', 7, 0, 0, 'NOW()', 'NOW()', FALSE),
    ('PKGSCHDL_PKG18_SLOT006_20251124', '2933a7d6-dcaa-48dd-bb35-e5e7969eb074', 'SCHDL008_MON', '2025-11-24', 5, 0, 2, 'NOW()', 'NOW()', FALSE),
    ('PKGSCHDL_PKG18_SLOT007_20251201', '2933a7d6-dcaa-48dd-bb35-e5e7969eb074', 'SCHDL008_MON', '2025-12-01', 10, 2, 0, 'NOW()', 'NOW()', FALSE),
    ('PKGSCHDL_PKG18_SLOT008_20251208', '2933a7d6-dcaa-48dd-bb35-e5e7969eb074', 'SCHDL008_MON', '2025-12-08', 9, 1, 0, 'NOW()', 'NOW()', FALSE),
    ('PKGSCHDL_PKG18_SLOT009_20251215', '2933a7d6-dcaa-48dd-bb35-e5e7969eb074', 'SCHDL008_MON', '2025-12-15', 4, 0, 1, 'NOW()', 'NOW()', FALSE),
    ('PKGSCHDL_PKG18_SLOT010_20251121', '2933a7d6-dcaa-48dd-bb35-e5e7969eb074', 'SCHDL008_FRI', '2025-11-21', 5, 2, 0, 'NOW()', 'NOW()', FALSE),
    ('PKGSCHDL_PKG18_SLOT011_20251128', '2933a7d6-dcaa-48dd-bb35-e5e7969eb074', 'SCHDL008_FRI', '2025-11-28', 10, 1, 1, 'NOW()', 'NOW()', FALSE),
    ('PKGSCHDL_PKG18_SLOT012_20251205', '2933a7d6-dcaa-48dd-bb35-e5e7969eb074', 'SCHDL008_FRI', '2025-12-05', 10, 1, 1, 'NOW()', 'NOW()', FALSE),
    ('PKGSCHDL_PKG18_SLOT013_20251212', '2933a7d6-dcaa-48dd-bb35-e5e7969eb074', 'SCHDL008_FRI', '2025-12-12', 3, 0, 0, 'NOW()', 'NOW()', FALSE),
    ('PKGSCHDL_PKG18_SLOT014_20251120', '2933a7d6-dcaa-48dd-bb35-e5e7969eb074', 'SCHDL022_THU', '2025-11-20', 6, 0, 2, 'NOW()', 'NOW()', FALSE),
    ('PKGSCHDL_PKG18_SLOT015_20251127', '2933a7d6-dcaa-48dd-bb35-e5e7969eb074', 'SCHDL022_THU', '2025-11-27', 8, 0, 1, 'NOW()', 'NOW()', FALSE),
    ('PKGSCHDL_PKG18_SLOT016_20251204', '2933a7d6-dcaa-48dd-bb35-e5e7969eb074', 'SCHDL022_THU', '2025-12-04', 4, 1, 1, 'NOW()', 'NOW()', FALSE),
    ('PKGSCHDL_PKG18_SLOT017_20251211', '2933a7d6-dcaa-48dd-bb35-e5e7969eb074', 'SCHDL022_THU', '2025-12-11', 9, 1, 2, 'NOW()', 'NOW()', FALSE),
    ('PKGSCHDL_PKG18_SLOT018_20251119', '2933a7d6-dcaa-48dd-bb35-e5e7969eb074', 'SCHDL003_WED', '2025-11-19', 8, 1, 1, 'NOW()', 'NOW()', FALSE),
    ('PKGSCHDL_PKG18_SLOT019_20251126', '2933a7d6-dcaa-48dd-bb35-e5e7969eb074', 'SCHDL003_WED', '2025-11-26', 10, 1, 1, 'NOW()', 'NOW()', FALSE),
    ('PKGSCHDL_PKG18_SLOT020_20251203', '2933a7d6-dcaa-48dd-bb35-e5e7969eb074', 'SCHDL003_WED', '2025-12-03', 8, 1, 2, 'NOW()', 'NOW()', FALSE),
    ('PKGSCHDL_PKG18_SLOT021_20251210', '2933a7d6-dcaa-48dd-bb35-e5e7969eb074', 'SCHDL003_WED', '2025-12-10', 9, 0, 2, 'NOW()', 'NOW()', FALSE),
    ('PKGSCHDL_PKG18_SLOT022_20251119', '2933a7d6-dcaa-48dd-bb35-e5e7969eb074', 'SCHDL004_WED', '2025-11-19', 6, 0, 2, 'NOW()', 'NOW()', FALSE),
    ('PKGSCHDL_PKG18_SLOT023_20251126', '2933a7d6-dcaa-48dd-bb35-e5e7969eb074', 'SCHDL004_WED', '2025-11-26', 8, 1, 0, 'NOW()', 'NOW()', FALSE),
    ('PKGSCHDL_PKG18_SLOT024_20251203', '2933a7d6-dcaa-48dd-bb35-e5e7969eb074', 'SCHDL004_WED', '2025-12-03', 5, 2, 0, 'NOW()', 'NOW()', FALSE),
    ('PKGSCHDL_PKG18_SLOT025_20251210', '2933a7d6-dcaa-48dd-bb35-e5e7969eb074', 'SCHDL004_WED', '2025-12-10', 10, 2, 1, 'NOW()', 'NOW()', FALSE),
    ('PKGSCHDL_PKG19_SLOT001_20251117', 'a61beff7-ebb7-4204-b468-a4393310ad4e', 'SCHDL009_MON', '2025-11-17', 9, 2, 0, 'NOW()', 'NOW()', FALSE),
    ('PKGSCHDL_PKG19_SLOT002_20251124', 'a61beff7-ebb7-4204-b468-a4393310ad4e', 'SCHDL009_MON', '2025-11-24', 8, 1, 2, 'NOW()', 'NOW()', FALSE),
    ('PKGSCHDL_PKG19_SLOT003_20251201', 'a61beff7-ebb7-4204-b468-a4393310ad4e', 'SCHDL009_MON', '2025-12-01', 9, 1, 0, 'NOW()', 'NOW()', FALSE),
    ('PKGSCHDL_PKG19_SLOT004_20251208', 'a61beff7-ebb7-4204-b468-a4393310ad4e', 'SCHDL009_MON', '2025-12-08', 9, 1, 2, 'NOW()', 'NOW()', FALSE),
    ('PKGSCHDL_PKG19_SLOT005_20251215', 'a61beff7-ebb7-4204-b468-a4393310ad4e', 'SCHDL009_MON', '2025-12-15', 7, 0, 1, 'NOW()', 'NOW()', FALSE),
    ('PKGSCHDL_PKG19_SLOT006_20251121', 'a61beff7-ebb7-4204-b468-a4393310ad4e', 'SCHDL003_FRI', '2025-11-21', 10, 2, 2, 'NOW()', 'NOW()', FALSE),
    ('PKGSCHDL_PKG19_SLOT007_20251128', 'a61beff7-ebb7-4204-b468-a4393310ad4e', 'SCHDL003_FRI', '2025-11-28', 8, 2, 2, 'NOW()', 'NOW()', FALSE),
    ('PKGSCHDL_PKG19_SLOT008_20251205', 'a61beff7-ebb7-4204-b468-a4393310ad4e', 'SCHDL003_FRI', '2025-12-05', 9, 1, 2, 'NOW()', 'NOW()', FALSE),
    ('PKGSCHDL_PKG19_SLOT009_20251212', 'a61beff7-ebb7-4204-b468-a4393310ad4e', 'SCHDL003_FRI', '2025-12-12', 5, 2, 0, 'NOW()', 'NOW()', FALSE),
    ('PKGSCHDL_PKG19_SLOT010_20251116', 'a61beff7-ebb7-4204-b468-a4393310ad4e', 'SCHDL014_SUN', '2025-11-16', 7, 0, 0, 'NOW()', 'NOW()', FALSE),
    ('PKGSCHDL_PKG19_SLOT011_20251123', 'a61beff7-ebb7-4204-b468-a4393310ad4e', 'SCHDL014_SUN', '2025-11-23', 6, 1, 0, 'NOW()', 'NOW()', FALSE),
    ('PKGSCHDL_PKG19_SLOT012_20251130', 'a61beff7-ebb7-4204-b468-a4393310ad4e', 'SCHDL014_SUN', '2025-11-30', 7, 0, 2, 'NOW()', 'NOW()', FALSE),
    ('PKGSCHDL_PKG19_SLOT013_20251207', 'a61beff7-ebb7-4204-b468-a4393310ad4e', 'SCHDL014_SUN', '2025-12-07', 8, 0, 1, 'NOW()', 'NOW()', FALSE),
    ('PKGSCHDL_PKG19_SLOT014_20251214', 'a61beff7-ebb7-4204-b468-a4393310ad4e', 'SCHDL014_SUN', '2025-12-14', 8, 0, 0, 'NOW()', 'NOW()', FALSE),
    ('PKGSCHDL_PKG19_SLOT015_20251120', 'a61beff7-ebb7-4204-b468-a4393310ad4e', 'SCHDL008_THU', '2025-11-20', 4, 0, 2, 'NOW()', 'NOW()', FALSE),
    ('PKGSCHDL_PKG19_SLOT016_20251127', 'a61beff7-ebb7-4204-b468-a4393310ad4e', 'SCHDL008_THU', '2025-11-27', 10, 1, 0, 'NOW()', 'NOW()', FALSE),
    ('PKGSCHDL_PKG19_SLOT017_20251204', 'a61beff7-ebb7-4204-b468-a4393310ad4e', 'SCHDL008_THU', '2025-12-04', 6, 2, 2, 'NOW()', 'NOW()', FALSE),
    ('PKGSCHDL_PKG19_SLOT018_20251211', 'a61beff7-ebb7-4204-b468-a4393310ad4e', 'SCHDL008_THU', '2025-12-11', 4, 1, 0, 'NOW()', 'NOW()', FALSE),
    ('PKGSCHDL_PKG19_SLOT019_20251120', 'a61beff7-ebb7-4204-b468-a4393310ad4e', 'SCHDL004_THU', '2025-11-20', 5, 2, 0, 'NOW()', 'NOW()', FALSE),
    ('PKGSCHDL_PKG19_SLOT020_20251127', 'a61beff7-ebb7-4204-b468-a4393310ad4e', 'SCHDL004_THU', '2025-11-27', 3, 0, 2, 'NOW()', 'NOW()', FALSE),
    ('PKGSCHDL_PKG19_SLOT021_20251204', 'a61beff7-ebb7-4204-b468-a4393310ad4e', 'SCHDL004_THU', '2025-12-04', 5, 1, 0, 'NOW()', 'NOW()', FALSE),
    ('PKGSCHDL_PKG19_SLOT022_20251211', 'a61beff7-ebb7-4204-b468-a4393310ad4e', 'SCHDL004_THU', '2025-12-11', 6, 1, 2, 'NOW()', 'NOW()', FALSE),
    ('PKGSCHDL_PKG19_SLOT023_20251116', 'a61beff7-ebb7-4204-b468-a4393310ad4e', 'SCHDL021_SUN', '2025-11-16', 3, 2, 2, 'NOW()', 'NOW()', FALSE),
    ('PKGSCHDL_PKG19_SLOT024_20251123', 'a61beff7-ebb7-4204-b468-a4393310ad4e', 'SCHDL021_SUN', '2025-11-23', 6, 2, 2, 'NOW()', 'NOW()', FALSE),
    ('PKGSCHDL_PKG19_SLOT025_20251130', 'a61beff7-ebb7-4204-b468-a4393310ad4e', 'SCHDL021_SUN', '2025-11-30', 7, 0, 0, 'NOW()', 'NOW()', FALSE),
    ('PKGSCHDL_PKG19_SLOT026_20251207', 'a61beff7-ebb7-4204-b468-a4393310ad4e', 'SCHDL021_SUN', '2025-12-07', 9, 0, 0, 'NOW()', 'NOW()', FALSE),
    ('PKGSCHDL_PKG19_SLOT027_20251214', 'a61beff7-ebb7-4204-b468-a4393310ad4e', 'SCHDL021_SUN', '2025-12-14', 4, 0, 1, 'NOW()', 'NOW()', FALSE),
    ('PKGSCHDL_PKG19_SLOT028_20251120', 'a61beff7-ebb7-4204-b468-a4393310ad4e', 'SCHDL018_THU', '2025-11-20', 4, 1, 1, 'NOW()', 'NOW()', FALSE),
    ('PKGSCHDL_PKG19_SLOT029_20251127', 'a61beff7-ebb7-4204-b468-a4393310ad4e', 'SCHDL018_THU', '2025-11-27', 4, 0, 0, 'NOW()', 'NOW()', FALSE),
    ('PKGSCHDL_PKG19_SLOT030_20251204', 'a61beff7-ebb7-4204-b468-a4393310ad4e', 'SCHDL018_THU', '2025-12-04', 6, 0, 2, 'NOW()', 'NOW()', FALSE),
    ('PKGSCHDL_PKG19_SLOT031_20251211', 'a61beff7-ebb7-4204-b468-a4393310ad4e', 'SCHDL018_THU', '2025-12-11', 8, 2, 2, 'NOW()', 'NOW()', FALSE),
    ('PKGSCHDL_PKG19_SLOT032_20251121', 'a61beff7-ebb7-4204-b468-a4393310ad4e', 'SCHDL004_FRI', '2025-11-21', 6, 1, 1, 'NOW()', 'NOW()', FALSE),
    ('PKGSCHDL_PKG19_SLOT033_20251128', 'a61beff7-ebb7-4204-b468-a4393310ad4e', 'SCHDL004_FRI', '2025-11-28', 4, 2, 2, 'NOW()', 'NOW()', FALSE),
    ('PKGSCHDL_PKG19_SLOT034_20251205', 'a61beff7-ebb7-4204-b468-a4393310ad4e', 'SCHDL004_FRI', '2025-12-05', 3, 0, 0, 'NOW()', 'NOW()', FALSE),
    ('PKGSCHDL_PKG19_SLOT035_20251212', 'a61beff7-ebb7-4204-b468-a4393310ad4e', 'SCHDL004_FRI', '2025-12-12', 4, 1, 0, 'NOW()', 'NOW()', FALSE),
    ('PKGSCHDL_PKG20_SLOT001_20251119', '60939b3d-b1ef-4e4f-afbd-ade0d0070770', 'SCHDL019_WED', '2025-11-19', 9, 2, 2, 'NOW()', 'NOW()', FALSE),
    ('PKGSCHDL_PKG20_SLOT002_20251126', '60939b3d-b1ef-4e4f-afbd-ade0d0070770', 'SCHDL019_WED', '2025-11-26', 5, 0, 2, 'NOW()', 'NOW()', FALSE),
    ('PKGSCHDL_PKG20_SLOT003_20251203', '60939b3d-b1ef-4e4f-afbd-ade0d0070770', 'SCHDL019_WED', '2025-12-03', 6, 1, 2, 'NOW()', 'NOW()', FALSE),
    ('PKGSCHDL_PKG20_SLOT004_20251210', '60939b3d-b1ef-4e4f-afbd-ade0d0070770', 'SCHDL019_WED', '2025-12-10', 5, 2, 1, 'NOW()', 'NOW()', FALSE),
    ('PKGSCHDL_PKG20_SLOT005_20251117', '60939b3d-b1ef-4e4f-afbd-ade0d0070770', 'SCHDL009_MON', '2025-11-17', 6, 1, 2, 'NOW()', 'NOW()', FALSE),
    ('PKGSCHDL_PKG20_SLOT006_20251124', '60939b3d-b1ef-4e4f-afbd-ade0d0070770', 'SCHDL009_MON', '2025-11-24', 5, 2, 2, 'NOW()', 'NOW()', FALSE),
    ('PKGSCHDL_PKG20_SLOT007_20251201', '60939b3d-b1ef-4e4f-afbd-ade0d0070770', 'SCHDL009_MON', '2025-12-01', 3, 1, 0, 'NOW()', 'NOW()', FALSE),
    ('PKGSCHDL_PKG20_SLOT008_20251208', '60939b3d-b1ef-4e4f-afbd-ade0d0070770', 'SCHDL009_MON', '2025-12-08', 6, 2, 1, 'NOW()', 'NOW()', FALSE),
    ('PKGSCHDL_PKG20_SLOT009_20251215', '60939b3d-b1ef-4e4f-afbd-ade0d0070770', 'SCHDL009_MON', '2025-12-15', 5, 0, 1, 'NOW()', 'NOW()', FALSE),
    ('PKGSCHDL_PKG20_SLOT010_20251118', '60939b3d-b1ef-4e4f-afbd-ade0d0070770', 'SCHDL014_TUE', '2025-11-18', 8, 0, 0, 'NOW()', 'NOW()', FALSE),
    ('PKGSCHDL_PKG20_SLOT011_20251125', '60939b3d-b1ef-4e4f-afbd-ade0d0070770', 'SCHDL014_TUE', '2025-11-25', 6, 2, 2, 'NOW()', 'NOW()', FALSE),
    ('PKGSCHDL_PKG20_SLOT012_20251202', '60939b3d-b1ef-4e4f-afbd-ade0d0070770', 'SCHDL014_TUE', '2025-12-02', 4, 0, 2, 'NOW()', 'NOW()', FALSE),
    ('PKGSCHDL_PKG20_SLOT013_20251209', '60939b3d-b1ef-4e4f-afbd-ade0d0070770', 'SCHDL014_TUE', '2025-12-09', 9, 1, 1, 'NOW()', 'NOW()', FALSE),
    ('PKGSCHDL_PKG20_SLOT014_20251121', '60939b3d-b1ef-4e4f-afbd-ade0d0070770', 'SCHDL001_FRI', '2025-11-21', 9, 2, 2, 'NOW()', 'NOW()', FALSE),
    ('PKGSCHDL_PKG20_SLOT015_20251128', '60939b3d-b1ef-4e4f-afbd-ade0d0070770', 'SCHDL001_FRI', '2025-11-28', 10, 2, 1, 'NOW()', 'NOW()', FALSE),
    ('PKGSCHDL_PKG20_SLOT016_20251205', '60939b3d-b1ef-4e4f-afbd-ade0d0070770', 'SCHDL001_FRI', '2025-12-05', 4, 1, 2, 'NOW()', 'NOW()', FALSE),
    ('PKGSCHDL_PKG20_SLOT017_20251212', '60939b3d-b1ef-4e4f-afbd-ade0d0070770', 'SCHDL001_FRI', '2025-12-12', 6, 0, 2, 'NOW()', 'NOW()', FALSE),
    ('PKGSCHDL_PKG20_SLOT018_20251116', '60939b3d-b1ef-4e4f-afbd-ade0d0070770', 'SCHDL021_SUN', '2025-11-16', 4, 0, 1, 'NOW()', 'NOW()', FALSE),
    ('PKGSCHDL_PKG20_SLOT019_20251123', '60939b3d-b1ef-4e4f-afbd-ade0d0070770', 'SCHDL021_SUN', '2025-11-23', 10, 0, 0, 'NOW()', 'NOW()', FALSE),
    ('PKGSCHDL_PKG20_SLOT020_20251130', '60939b3d-b1ef-4e4f-afbd-ade0d0070770', 'SCHDL021_SUN', '2025-11-30', 8, 0, 0, 'NOW()', 'NOW()', FALSE),
    ('PKGSCHDL_PKG20_SLOT021_20251207', '60939b3d-b1ef-4e4f-afbd-ade0d0070770', 'SCHDL021_SUN', '2025-12-07', 7, 2, 0, 'NOW()', 'NOW()', FALSE),
    ('PKGSCHDL_PKG20_SLOT022_20251214', '60939b3d-b1ef-4e4f-afbd-ade0d0070770', 'SCHDL021_SUN', '2025-12-14', 3, 1, 0, 'NOW()', 'NOW()', FALSE),
    ('PKGSCHDL_PKG20_SLOT023_20251120', '60939b3d-b1ef-4e4f-afbd-ade0d0070770', 'SCHDL011_THU', '2025-11-20', 5, 2, 1, 'NOW()', 'NOW()', FALSE),
    ('PKGSCHDL_PKG20_SLOT024_20251127', '60939b3d-b1ef-4e4f-afbd-ade0d0070770', 'SCHDL011_THU', '2025-11-27', 9, 1, 2, 'NOW()', 'NOW()', FALSE),
    ('PKGSCHDL_PKG20_SLOT025_20251204', '60939b3d-b1ef-4e4f-afbd-ade0d0070770', 'SCHDL011_THU', '2025-12-04', 10, 2, 1, 'NOW()', 'NOW()', FALSE),
    ('PKGSCHDL_PKG20_SLOT026_20251211', '60939b3d-b1ef-4e4f-afbd-ade0d0070770', 'SCHDL011_THU', '2025-12-11', 7, 2, 2, 'NOW()', 'NOW()', FALSE),
    ('PKGSCHDL_PKG20_SLOT027_20251117', '60939b3d-b1ef-4e4f-afbd-ade0d0070770', 'SCHDL021_MON', '2025-11-17', 8, 0, 2, 'NOW()', 'NOW()', FALSE),
    ('PKGSCHDL_PKG20_SLOT028_20251124', '60939b3d-b1ef-4e4f-afbd-ade0d0070770', 'SCHDL021_MON', '2025-11-24', 6, 2, 0, 'NOW()', 'NOW()', FALSE),
    ('PKGSCHDL_PKG20_SLOT029_20251201', '60939b3d-b1ef-4e4f-afbd-ade0d0070770', 'SCHDL021_MON', '2025-12-01', 9, 2, 2, 'NOW()', 'NOW()', FALSE),
    ('PKGSCHDL_PKG20_SLOT030_20251208', '60939b3d-b1ef-4e4f-afbd-ade0d0070770', 'SCHDL021_MON', '2025-12-08', 10, 2, 0, 'NOW()', 'NOW()', FALSE),
    ('PKGSCHDL_PKG20_SLOT031_20251215', '60939b3d-b1ef-4e4f-afbd-ade0d0070770', 'SCHDL021_MON', '2025-12-15', 4, 1, 0, 'NOW()', 'NOW()', FALSE),
    ('PKGSCHDL_PKG20_SLOT032_20251121', '60939b3d-b1ef-4e4f-afbd-ade0d0070770', 'SCHDL002_FRI', '2025-11-21', 3, 0, 2, 'NOW()', 'NOW()', FALSE),
    ('PKGSCHDL_PKG20_SLOT033_20251128', '60939b3d-b1ef-4e4f-afbd-ade0d0070770', 'SCHDL002_FRI', '2025-11-28', 10, 2, 2, 'NOW()', 'NOW()', FALSE),
    ('PKGSCHDL_PKG20_SLOT034_20251205', '60939b3d-b1ef-4e4f-afbd-ade0d0070770', 'SCHDL002_FRI', '2025-12-05', 8, 1, 1, 'NOW()', 'NOW()', FALSE),
    ('PKGSCHDL_PKG20_SLOT035_20251212', '60939b3d-b1ef-4e4f-afbd-ade0d0070770', 'SCHDL002_FRI', '2025-12-12', 7, 1, 1, 'NOW()', 'NOW()', FALSE);





INSERT INTO health_check_package_schedules_doctor (
    id, package_schedule_id, doctor_id, created_at, updated_at, is_deleted
) VALUES
('HPSD1763838179546_971', 'PKGSCHDL_PKG04_SLOT017_20251120', '0a80c27f-0e57-4d96-bcf4-9795788b81ed', '2025-12-18 03:40:05', '2025-11-27 04:04:04', FALSE),
('HPSD1763838179546_7862', 'PKGSCHDL_PKG06_SLOT005_20251121', '265301e4-1e15-49f6-a7b7-2e98b506feec', '2026-01-20 20:21:28', '2025-12-09 20:55:17', FALSE),
('HPSD1763838179546_2664', 'PKGSCHDL_PKG20_SLOT025_20251204', '15be7bc8-9097-43ee-8bba-e0680bb1ff09', '2025-11-13 11:08:53', '2026-01-26 22:37:19', FALSE),
('HPSD1763838179546_6110', 'PKGSCHDL_PKG19_SLOT024_20251123', '36e7f80b-6c8c-427a-a9fb-3622ce634ee3', '2025-11-07 11:41:28', '2025-11-24 18:36:07', FALSE),
('HPSD1763838179546_6185', 'PKGSCHDL_PKG19_SLOT008_20251205', '39bc9e76-d766-4ccf-8897-0ed05eab2201', '2025-11-03 02:41:54', '2025-12-19 09:12:41', FALSE),
('HPSD1763838179546_9099', 'PKGSCHDL_PKG18_SLOT020_20251203', '28a86fc7-aead-4513-af5e-27d5fc642f76', '2026-01-29 13:09:11', '2026-01-12 14:50:37', FALSE),
('HPSD1763838179546_9414', 'PKGSCHDL_PKG06_SLOT021_20251120', '265301e4-1e15-49f6-a7b7-2e98b506feec', '2025-12-17 19:05:59', '2025-11-06 23:07:34', FALSE),
('HPSD1763838179546_1799', 'PKGSCHDL_PKG19_SLOT005_20251215', '94c6d833-db4f-47c4-b2e9-07dc14e29097', '2026-01-31 03:55:40', '2025-11-04 18:51:33', FALSE),
('HPSD1763838179546_3159', 'PKGSCHDL_PKG07_SLOT022_20251211', '17040673-638c-4949-8ab1-bf514280a180', '2025-12-27 19:46:01', '2025-12-10 19:10:23', FALSE),
('HPSD1763838179546_7635', 'PKGSCHDL_PKG19_SLOT013_20251207', '28a86fc7-aead-4513-af5e-27d5fc642f76', '2026-01-26 04:18:54', '2025-12-08 21:13:30', FALSE),
('HPSD1763838179546_616', 'PKGSCHDL_PKG04_SLOT010_20251126', 'c61a2a49-dcc9-4492-aa70-3848dce41a9f', '2025-12-26 17:10:26', '2025-12-26 17:54:00', FALSE),
('HPSD1763838179546_9525', 'PKGSCHDL_PKG07_SLOT003_20251201', '28a86fc7-aead-4513-af5e-27d5fc642f76', '2025-11-10 03:47:04', '2025-11-21 00:40:46', FALSE),
('HPSD1763838179546_2714', 'PKGSCHDL_PKG15_SLOT011_20251206', 'c61a2a49-dcc9-4492-aa70-3848dce41a9f', '2026-01-28 11:27:37', '2025-12-21 14:31:30', FALSE),
('HPSD1763838179546_5271', 'PKGSCHDL_PKG02_SLOT008_20251201', 'be5ce750-2a48-4b94-9128-c9256224e220', '2026-01-19 14:41:02', '2025-11-11 07:12:47', FALSE),
('HPSD1763838179547_8397', 'PKGSCHDL_PKG07_SLOT008_20251204', '0a80c27f-0e57-4d96-bcf4-9795788b81ed', '2025-12-06 00:56:43', '2026-01-27 12:41:58', FALSE),
('HPSD1763838179547_6772', 'PKGSCHDL_PKG03_SLOT014_20251116', '15be7bc8-9097-43ee-8bba-e0680bb1ff09', '2025-11-25 05:14:52', '2026-01-30 01:26:54', FALSE),
('HPSD1763838179547_7149', 'PKGSCHDL_PKG12_SLOT012_20251204', '36e7f80b-6c8c-427a-a9fb-3622ce634ee3', '2025-12-16 07:08:15', '2026-01-05 12:34:22', FALSE),
('HPSD1763838179547_3840', 'PKGSCHDL_PKG20_SLOT033_20251128', '91c18150-3302-4ddf-a9bf-632c2e151685', '2025-11-08 05:56:42', '2025-11-02 05:45:06', FALSE),
('HPSD1763838179547_3782', 'PKGSCHDL_PKG09_SLOT008_20251212', 'c61a2a49-dcc9-4492-aa70-3848dce41a9f', '2025-11-15 03:12:07', '2025-12-31 10:10:21', FALSE),
('HPSD1763838179547_4041', 'PKGSCHDL_PKG08_SLOT023_20251120', '0a80c27f-0e57-4d96-bcf4-9795788b81ed', '2026-01-28 23:27:17', '2026-01-31 04:05:36', FALSE),
('HPSD1763838179547_9200', 'PKGSCHDL_PKG18_SLOT006_20251124', '17040673-638c-4949-8ab1-bf514280a180', '2026-01-25 06:11:24', '2025-11-17 17:16:48', FALSE),
('HPSD1763838179547_2845', 'PKGSCHDL_PKG07_SLOT005_20251215', 'c61a2a49-dcc9-4492-aa70-3848dce41a9f', '2026-01-25 00:11:10', '2025-12-22 18:48:54', FALSE),
('HPSD1763838179547_6193', 'PKGSCHDL_PKG16_SLOT014_20251117', 'c61a2a49-dcc9-4492-aa70-3848dce41a9f', '2025-12-21 11:03:56', '2025-12-22 23:06:40', FALSE),
('HPSD1763838179547_4002', 'PKGSCHDL_PKG18_SLOT001_20251120', 'c61a2a49-dcc9-4492-aa70-3848dce41a9f', '2026-01-22 15:28:30', '2025-11-17 05:12:45', FALSE),
('HPSD1763838179547_2737', 'PKGSCHDL_PKG08_SLOT020_20251127', 'be5ce750-2a48-4b94-9128-c9256224e220', '2025-11-25 22:51:43', '2025-11-19 04:25:05', FALSE),
('HPSD1763838179547_5427', 'PKGSCHDL_PKG03_SLOT013_20251211', '91c18150-3302-4ddf-a9bf-632c2e151685', '2026-01-20 20:03:10', '2026-01-12 20:01:48', FALSE),
('HPSD1763838179547_8226', 'PKGSCHDL_PKG07_SLOT019_20251120', '17040673-638c-4949-8ab1-bf514280a180', '2026-01-04 15:00:52', '2025-11-25 08:47:23', FALSE),
('HPSD1763838179547_3192', 'PKGSCHDL_PKG11_SLOT009_20251214', '265301e4-1e15-49f6-a7b7-2e98b506feec', '2026-01-24 13:24:59', '2026-01-06 03:55:50', FALSE),
('HPSD1763838179547_7957', 'PKGSCHDL_PKG02_SLOT016_20251122', '0a80c27f-0e57-4d96-bcf4-9795788b81ed', '2025-12-18 05:25:16', '2025-11-06 16:02:42', FALSE),
('HPSD1763838179547_8711', 'PKGSCHDL_PKG17_SLOT018_20251119', 'be5ce750-2a48-4b94-9128-c9256224e220', '2025-11-11 02:32:08', '2025-12-26 05:44:55', FALSE),
('HPSD1763838179547_3896', 'PKGSCHDL_PKG13_SLOT008_20251210', 'c61a2a49-dcc9-4492-aa70-3848dce41a9f', '2025-11-22 18:43:45', '2025-12-26 06:31:29', FALSE),
('HPSD1763838179547_4842', 'PKGSCHDL_PKG11_SLOT019_20251126', '94c6d833-db4f-47c4-b2e9-07dc14e29097', '2025-12-25 09:28:01', '2026-01-23 15:45:01', FALSE),
('HPSD1763838179547_6154', 'PKGSCHDL_PKG14_SLOT018_20251208', 'c61a2a49-dcc9-4492-aa70-3848dce41a9f', '2025-12-29 09:14:30', '2026-01-21 06:21:50', FALSE),
('HPSD1763838179547_9577', 'PKGSCHDL_PKG07_SLOT001_20251117', '36e7f80b-6c8c-427a-a9fb-3622ce634ee3', '2025-11-13 15:55:10', '2025-11-03 22:54:47', FALSE),
('HPSD1763838179547_2675', 'PKGSCHDL_PKG14_SLOT021_20251125', '15be7bc8-9097-43ee-8bba-e0680bb1ff09', '2025-12-31 02:05:44', '2026-01-31 07:01:00', FALSE),
('HPSD1763838179547_7389', 'PKGSCHDL_PKG14_SLOT033_20251117', '94c6d833-db4f-47c4-b2e9-07dc14e29097', '2025-12-30 23:36:14', '2025-11-12 00:33:21', FALSE),
('HPSD1763838179547_6184', 'PKGSCHDL_PKG01_SLOT022_20251121', '6aa020df-1f1b-430a-a539-afe8cfac1e9f', '2026-01-26 01:52:19', '2026-01-18 13:35:53', FALSE),
('HPSD1763838179547_5419', 'PKGSCHDL_PKG12_SLOT019_20251129', '91c18150-3302-4ddf-a9bf-632c2e151685', '2025-12-12 09:39:47', '2026-01-16 10:18:37', FALSE),
('HPSD1763838179547_1551', 'PKGSCHDL_PKG02_SLOT023_20251213', '265301e4-1e15-49f6-a7b7-2e98b506feec', '2025-11-13 07:41:32', '2025-11-29 13:38:31', FALSE),
('HPSD1763838179547_4017', 'PKGSCHDL_PKG02_SLOT004_20251208', '265301e4-1e15-49f6-a7b7-2e98b506feec', '2025-11-06 05:43:34', '2025-11-06 14:06:26', FALSE),
('HPSD1763838179547_9085', 'PKGSCHDL_PKG11_SLOT001_20251122', '94c6d833-db4f-47c4-b2e9-07dc14e29097', '2026-01-29 04:38:18', '2025-12-14 02:15:05', FALSE),
('HPSD1763838179547_6070', 'PKGSCHDL_PKG11_SLOT027_20251122', '28a86fc7-aead-4513-af5e-27d5fc642f76', '2026-01-26 04:33:06', '2026-01-25 22:41:11', FALSE),
('HPSD1763838179547_9126', 'PKGSCHDL_PKG01_SLOT005_20251120', '17040673-638c-4949-8ab1-bf514280a180', '2026-02-01 18:55:11', '2025-12-07 20:38:59', FALSE),
('HPSD1763838179547_2056', 'PKGSCHDL_PKG11_SLOT026_20251215', '28a86fc7-aead-4513-af5e-27d5fc642f76', '2026-01-24 11:40:37', '2026-02-01 21:39:22', FALSE),
('HPSD1763838179547_8455', 'PKGSCHDL_PKG06_SLOT008_20251212', '36e7f80b-6c8c-427a-a9fb-3622ce634ee3', '2025-12-07 18:21:42', '2025-11-03 08:28:11', FALSE),
('HPSD1763838179547_4366', 'PKGSCHDL_PKG04_SLOT009_20251119', '17040673-638c-4949-8ab1-bf514280a180', '2025-11-29 10:57:47', '2025-11-13 21:26:09', FALSE),
('HPSD1763838179547_897', 'PKGSCHDL_PKG05_SLOT002_20251124', '39bc9e76-d766-4ccf-8897-0ed05eab2201', '2025-12-21 18:58:22', '2026-01-01 18:47:57', FALSE),
('HPSD1763838179547_7649', 'PKGSCHDL_PKG11_SLOT008_20251207', '0a80c27f-0e57-4d96-bcf4-9795788b81ed', '2025-11-13 01:21:39', '2025-11-22 09:45:07', FALSE),
('HPSD1763838179547_8114', 'PKGSCHDL_PKG08_SLOT005_20251116', 'c61a2a49-dcc9-4492-aa70-3848dce41a9f', '2025-12-17 10:09:11', '2026-01-25 11:00:28', FALSE),
('HPSD1763838179547_9213', 'PKGSCHDL_PKG11_SLOT026_20251215', '6aa020df-1f1b-430a-a539-afe8cfac1e9f', '2026-01-31 14:01:21', '2026-01-15 07:14:28', FALSE),
('HPSD1763838179547_569', 'PKGSCHDL_PKG14_SLOT013_20251203', '17040673-638c-4949-8ab1-bf514280a180', '2025-12-03 00:37:32', '2025-11-27 22:53:56', FALSE),
('HPSD1763838179547_10', 'PKGSCHDL_PKG09_SLOT033_20251210', '0a80c27f-0e57-4d96-bcf4-9795788b81ed', '2025-12-31 13:01:02', '2026-01-11 18:25:26', FALSE),
('HPSD1763838179547_4887', 'PKGSCHDL_PKG19_SLOT028_20251120', '36e7f80b-6c8c-427a-a9fb-3622ce634ee3', '2025-11-20 16:40:48', '2025-11-14 01:34:07', FALSE),
('HPSD1763838179547_6223', 'PKGSCHDL_PKG18_SLOT008_20251208', '265301e4-1e15-49f6-a7b7-2e98b506feec', '2025-12-18 12:06:17', '2025-12-24 11:53:16', FALSE),
('HPSD1763838179547_716', 'PKGSCHDL_PKG05_SLOT016_20251204', '39bc9e76-d766-4ccf-8897-0ed05eab2201', '2025-12-29 06:50:36', '2025-11-03 17:28:59', FALSE),
('HPSD1763838179547_884', 'PKGSCHDL_PKG18_SLOT020_20251203', '39bc9e76-d766-4ccf-8897-0ed05eab2201', '2026-01-20 18:53:09', '2026-01-13 12:09:19', FALSE),
('HPSD1763838179547_5854', 'PKGSCHDL_PKG20_SLOT008_20251208', '15be7bc8-9097-43ee-8bba-e0680bb1ff09', '2025-12-27 23:14:40', '2026-01-21 06:34:10', FALSE),
('HPSD1763838179547_8644', 'PKGSCHDL_PKG02_SLOT005_20251215', '39bc9e76-d766-4ccf-8897-0ed05eab2201', '2025-12-10 09:16:53', '2025-12-22 20:12:19', FALSE),
('HPSD1763838179547_6921', 'PKGSCHDL_PKG09_SLOT007_20251205', '36e7f80b-6c8c-427a-a9fb-3622ce634ee3', '2025-12-15 01:22:39', '2026-01-28 09:14:19', FALSE),
('HPSD1763838179547_2569', 'PKGSCHDL_PKG05_SLOT021_20251210', '28a86fc7-aead-4513-af5e-27d5fc642f76', '2025-12-19 23:12:29', '2025-11-09 11:48:22', FALSE),
('HPSD1763838179547_8865', 'PKGSCHDL_PKG03_SLOT001_20251117', '91c18150-3302-4ddf-a9bf-632c2e151685', '2025-12-20 19:10:35', '2025-12-05 06:17:35', FALSE),
('HPSD1763838179547_2163', 'PKGSCHDL_PKG08_SLOT004_20251211', '17040673-638c-4949-8ab1-bf514280a180', '2025-12-12 14:55:08', '2025-11-07 01:08:43', FALSE),
('HPSD1763838179547_8482', 'PKGSCHDL_PKG15_SLOT006_20251126', '0a80c27f-0e57-4d96-bcf4-9795788b81ed', '2025-12-23 23:22:51', '2025-12-19 05:40:14', FALSE),
('HPSD1763838179547_2031', 'PKGSCHDL_PKG08_SLOT005_20251116', '94c6d833-db4f-47c4-b2e9-07dc14e29097', '2025-12-26 05:55:10', '2025-12-07 07:41:35', FALSE),
('HPSD1763838179547_5559', 'PKGSCHDL_PKG20_SLOT021_20251207', '6aa020df-1f1b-430a-a539-afe8cfac1e9f', '2025-12-15 05:25:33', '2025-11-16 17:07:27', FALSE),
('HPSD1763838179547_4241', 'PKGSCHDL_PKG19_SLOT023_20251116', '17040673-638c-4949-8ab1-bf514280a180', '2025-12-03 20:45:51', '2025-12-29 21:30:59', FALSE),
('HPSD1763838179547_3456', 'PKGSCHDL_PKG14_SLOT008_20251130', 'be5ce750-2a48-4b94-9128-c9256224e220', '2025-12-10 05:34:01', '2026-01-30 15:17:52', FALSE),
('HPSD1763838179547_4653', 'PKGSCHDL_PKG01_SLOT021_20251214', '17040673-638c-4949-8ab1-bf514280a180', '2025-12-14 20:14:10', '2025-11-04 03:08:50', FALSE),
('HPSD1763838179547_7175', 'PKGSCHDL_PKG18_SLOT004_20251211', '28a86fc7-aead-4513-af5e-27d5fc642f76', '2026-01-05 21:11:36', '2026-01-25 18:59:00', FALSE),
('HPSD1763838179547_8184', 'PKGSCHDL_PKG12_SLOT002_20251123', '0a80c27f-0e57-4d96-bcf4-9795788b81ed', '2026-01-15 15:23:17', '2025-12-13 15:32:40', FALSE),
('HPSD1763838179547_8822', 'PKGSCHDL_PKG11_SLOT020_20251203', '0a80c27f-0e57-4d96-bcf4-9795788b81ed', '2026-01-21 22:59:24', '2025-11-17 06:30:26', FALSE),
('HPSD1763838179547_4260', 'PKGSCHDL_PKG05_SLOT030_20251122', '91c18150-3302-4ddf-a9bf-632c2e151685', '2025-12-15 14:37:45', '2026-01-19 03:27:48', FALSE),
('HPSD1763838179547_874', 'PKGSCHDL_PKG13_SLOT017_20251119', '265301e4-1e15-49f6-a7b7-2e98b506feec', '2025-12-14 22:20:06', '2025-12-03 06:38:52', FALSE),
('HPSD1763838179547_6557', 'PKGSCHDL_PKG18_SLOT018_20251119', '0a80c27f-0e57-4d96-bcf4-9795788b81ed', '2025-11-16 04:23:09', '2025-11-14 18:28:43', FALSE),
('HPSD1763838179547_9729', 'PKGSCHDL_PKG13_SLOT002_20251125', 'c61a2a49-dcc9-4492-aa70-3848dce41a9f', '2025-11-29 15:57:55', '2025-12-11 15:06:23', FALSE),
('HPSD1763838179547_4292', 'PKGSCHDL_PKG12_SLOT017_20251211', '91c18150-3302-4ddf-a9bf-632c2e151685', '2025-12-13 05:09:05', '2026-01-31 09:20:08', FALSE),
('HPSD1763838179547_8140', 'PKGSCHDL_PKG20_SLOT008_20251208', '265301e4-1e15-49f6-a7b7-2e98b506feec', '2025-11-23 10:52:22', '2026-01-16 09:32:27', FALSE),
('HPSD1763838179547_8815', 'PKGSCHDL_PKG08_SLOT010_20251118', '91c18150-3302-4ddf-a9bf-632c2e151685', '2026-01-21 15:30:18', '2025-11-26 22:49:39', FALSE),
('HPSD1763838179547_4461', 'PKGSCHDL_PKG20_SLOT029_20251201', '36e7f80b-6c8c-427a-a9fb-3622ce634ee3', '2025-12-29 20:23:42', '2025-12-31 09:49:38', FALSE),
('HPSD1763838179547_7453', 'PKGSCHDL_PKG14_SLOT024_20251117', '265301e4-1e15-49f6-a7b7-2e98b506feec', '2025-12-21 10:12:52', '2025-11-25 19:15:12', FALSE),
('HPSD1763838179547_1834', 'PKGSCHDL_PKG14_SLOT032_20251212', 'c61a2a49-dcc9-4492-aa70-3848dce41a9f', '2025-11-22 14:39:23', '2026-01-13 13:03:27', FALSE),
('HPSD1763838179547_182', 'PKGSCHDL_PKG18_SLOT004_20251211', 'be5ce750-2a48-4b94-9128-c9256224e220', '2025-11-11 05:44:41', '2025-12-31 00:15:12', FALSE),
('HPSD1763838179547_4285', 'PKGSCHDL_PKG20_SLOT019_20251123', '28a86fc7-aead-4513-af5e-27d5fc642f76', '2025-12-10 16:37:15', '2026-01-18 22:41:06', FALSE),
('HPSD1763838179547_2526', 'PKGSCHDL_PKG14_SLOT012_20251126', '28a86fc7-aead-4513-af5e-27d5fc642f76', '2026-01-13 03:31:27', '2025-11-19 19:19:54', FALSE),
('HPSD1763838179547_8993', 'PKGSCHDL_PKG08_SLOT012_20251202', '94c6d833-db4f-47c4-b2e9-07dc14e29097', '2025-11-10 22:29:25', '2025-12-23 02:39:21', FALSE),
('HPSD1763838179547_1688', 'PKGSCHDL_PKG02_SLOT012_20251124', '39bc9e76-d766-4ccf-8897-0ed05eab2201', '2025-12-15 05:49:14', '2025-11-22 12:31:54', FALSE),
('HPSD1763838179547_3525', 'PKGSCHDL_PKG12_SLOT009_20251213', '17040673-638c-4949-8ab1-bf514280a180', '2026-01-15 05:04:17', '2025-11-30 17:34:26', FALSE),
('HPSD1763838179547_1548', 'PKGSCHDL_PKG09_SLOT005_20251121', '6aa020df-1f1b-430a-a539-afe8cfac1e9f', '2025-12-30 23:00:29', '2026-01-16 23:15:54', FALSE),
('HPSD1763838179547_9181', 'PKGSCHDL_PKG02_SLOT020_20251122', '39bc9e76-d766-4ccf-8897-0ed05eab2201', '2025-12-21 05:30:00', '2026-01-07 02:25:44', FALSE),
('HPSD1763838179547_5839', 'PKGSCHDL_PKG16_SLOT009_20251214', '39bc9e76-d766-4ccf-8897-0ed05eab2201', '2025-12-03 19:03:02', '2025-12-04 08:21:57', FALSE),
('HPSD1763838179547_1878', 'PKGSCHDL_PKG14_SLOT023_20251209', '15be7bc8-9097-43ee-8bba-e0680bb1ff09', '2025-12-25 19:51:18', '2026-01-08 06:39:10', FALSE),
('HPSD1763838179547_8073', 'PKGSCHDL_PKG16_SLOT020_20251127', '0a80c27f-0e57-4d96-bcf4-9795788b81ed', '2026-01-28 20:27:04', '2025-11-13 22:44:48', FALSE),
('HPSD1763838179547_3845', 'PKGSCHDL_PKG15_SLOT011_20251206', '91c18150-3302-4ddf-a9bf-632c2e151685', '2025-11-07 16:12:04', '2025-12-23 15:16:11', FALSE),
('HPSD1763838179547_715', 'PKGSCHDL_PKG06_SLOT025_20251119', 'c61a2a49-dcc9-4492-aa70-3848dce41a9f', '2026-01-06 18:28:44', '2025-12-06 13:26:08', FALSE),
('HPSD1763838179547_4158', 'PKGSCHDL_PKG18_SLOT019_20251126', 'be5ce750-2a48-4b94-9128-c9256224e220', '2025-12-12 01:48:34', '2025-12-09 21:46:31', FALSE),
('HPSD1763838179547_8307', 'PKGSCHDL_PKG15_SLOT014_20251125', '17040673-638c-4949-8ab1-bf514280a180', '2025-11-29 10:01:04', '2025-11-04 03:59:01', FALSE),
('HPSD1763838179547_1031', 'PKGSCHDL_PKG07_SLOT002_20251124', '39bc9e76-d766-4ccf-8897-0ed05eab2201', '2025-11-05 12:13:38', '2026-01-31 19:03:05', FALSE),
('HPSD1763838179548_1666', 'PKGSCHDL_PKG10_SLOT011_20251127', '94c6d833-db4f-47c4-b2e9-07dc14e29097', '2025-12-09 09:04:42', '2026-01-09 19:38:36', FALSE),
('HPSD1763838179548_9787', 'PKGSCHDL_PKG12_SLOT024_20251206', '94c6d833-db4f-47c4-b2e9-07dc14e29097', '2025-11-25 03:27:54', '2025-11-11 18:03:57', FALSE),
('HPSD1763838179548_1292', 'PKGSCHDL_PKG12_SLOT018_20251122', '36e7f80b-6c8c-427a-a9fb-3622ce634ee3', '2026-01-23 06:44:37', '2026-01-02 00:20:45', FALSE);